,index,train,test
0,10,0.9999999999994412,0.7710525195640697
1,11,0.9999999999995335,0.7665960561423477
2,12,0.9999999999995579,0.7658082534273726
3,13,0.99999999999955,0.7825988717509554
4,14,0.9999999999995554,0.7829230039668518
5,15,0.9999999999995574,0.7720538837782764
6,16,0.9999999999995512,0.77670658848102
7,17,0.9999999999997106,0.8571670611889868
8,18,0.9999999999997291,0.8580116305044986
9,19,0.9999999999997592,0.8476833033744605
10,20,0.9999999999997207,0.8473329088982711
11,21,0.9999999999997582,0.863217310261432
12,22,0.9999999999997534,0.8573300533211977
13,23,0.9999999999997984,0.8538320432797963
14,24,0.9999999999998129,0.8838684462278853
15,25,0.9999999999997801,0.8789233584038044
16,26,0.9999999999997529,0.8802517966209608
17,27,0.9999999999998002,0.8729052129234262
18,28,0.9999999999998145,0.8983024675372318
19,29,0.9999999999998226,0.8985446112081263
20,30,0.9999999999998098,0.8991117566394852
21,31,0.9999999999998448,0.8993934265087634
22,32,0.999999999999801,0.8984290794800684
23,33,0.999999999999812,0.897894943758402
24,34,0.9999999999998562,0.8874363528355855
25,35,0.9999999999998058,0.8878296713708346
26,36,0.9999999999998376,0.886269660891182
27,37,0.9999999999998331,0.8906355776919554
28,38,0.9999999999998216,0.8873703313077281
29,39,0.999999999999826,0.8907334165275591
30,40,0.9999999999998266,0.890372915655192
31,41,0.9999999999998606,0.894290437874254
32,42,0.9999999999997813,0.89021379254081
33,43,0.9999999999998279,0.8885169640677739
34,44,0.99999999999979,0.8892490318331543
35,45,0.9999999999998161,0.8983738967676581
36,46,0.999999999999813,0.8939215091459395
37,47,0.9999999999997906,0.895181839362982
38,48,0.9999999999998006,0.8948687156543794
39,49,0.9999999999998037,0.8930065885639257
40,50,0.9999999999998023,0.8933401460790699
41,51,0.9999999999998326,0.8927200320633845
42,52,0.999999999999827,0.8929157784049475
43,53,0.9999999999998243,0.8917473666501226
44,54,0.9999999999998137,0.892007457487367
45,55,0.9999999999997701,0.8942035679116306
46,56,0.9999999999998263,0.8931855258319402
47,57,0.9999999999998157,0.8913109528529749
48,58,0.9999999999998221,0.8967801938031303
49,59,0.9999999999998566,0.8976951373992125
50,60,0.9999999999998846,0.959347575776987
51,61,0.9999999999998336,0.9551341751888934
52,62,0.9999999999998833,0.9548983398261874
53,63,0.9999999999998682,0.9547768516866638
54,64,0.9999999999998652,0.9631261089219947
55,65,0.9999999999998594,0.9587080355203783
56,66,0.9999999999998704,0.9583611128594778
57,67,0.999999999999848,0.9612351948218684
58,68,0.9999999999998653,0.9519384827170254
59,69,0.9999999999998674,0.964133934866748
60,70,0.9999999999998828,0.9633894382121538
61,71,0.9999999999998477,0.9640698069802386
62,72,0.999999999999834,0.9627744869295184
63,73,0.9999999999998479,0.9634406931764072
64,74,0.9999999999998774,0.9650450557003464
65,75,0.9999999999998603,0.9603746924797422
66,76,0.9999999999998761,0.9622265839115529
67,77,0.9999999999998822,0.9633608014840144
68,78,0.9999999999998419,0.9645978852359044
69,79,0.9999999999998366,0.9566360023289162
70,80,0.9999999999998818,0.964985903600427
71,81,0.9999999999998019,0.9643555201052875
72,82,0.9999999999998832,0.9638754789958914
73,83,0.9999999999997974,0.9642266841227178
74,84,0.9999999999998557,0.9494810793089825
75,85,0.9999999999998528,0.9608320689334615
76,86,0.9999999999998582,0.9666775512475851
77,87,0.9999999999998693,0.9674792740412395
78,88,0.9999999999998259,0.966645260858875
79,89,0.9999999999998561,0.9672047618748257
80,90,0.9999999999998682,0.9667895811231201
81,91,0.9999999999998468,0.96735684122888
82,92,0.9999999999998415,0.9670206887722472
83,93,0.9999999999998186,0.9668557672968571
84,94,0.9999999999998556,0.9675095942868059
85,95,0.9999999999998249,0.9678717248692179
86,96,0.99999999999985,0.9659148056301236
87,97,0.9999999999998609,0.9663411868476599
88,98,0.999999999999874,0.9664687345966886
89,99,0.9999999999998148,0.9670584778584633
90,100,0.9999999999998718,0.9677919166497209
91,101,0.9999999999998587,0.9682514722687033
92,102,0.9999999999998044,0.9679196464607002
93,103,0.9999999999998278,0.9672552293128067
94,104,0.9999999999998687,0.9674439032035077
95,105,0.999999999999628,0.9665451539207038
96,106,0.9999999999995792,0.9671275716770626
97,107,0.9999999999997431,0.967638498902483
98,108,0.9999999999996919,0.9674281586252367
99,109,0.9999999999995707,0.9620166307813159
100,110,0.9999999999998287,0.9596764144322968
101,111,0.9999999999989758,0.963857304041122
102,112,0.9999999999997828,0.9631048455647837
103,113,0.999999999999829,0.9643533709461444
104,114,0.9999999999997932,0.9637997620036015
105,115,0.9999999999994192,0.9645321753850746
106,116,0.9999999999979311,0.9595063168465124
107,117,0.9999999999997755,0.9645751420089724
108,118,0.9999999999995933,0.9644950342514249
109,119,0.9999999999992468,0.9597944704585065
110,120,0.9999999999986534,0.960476288377652
111,121,0.9999999999997546,0.9598530729471721
112,122,0.9999999999996156,0.9667658163865316
113,123,0.9999999999990701,0.9668230546980983
114,124,0.9999999999996189,0.9672484558464106
115,125,0.9999999999993896,0.9708063601935487
116,126,0.9999999999982484,0.9717959413888614
117,127,0.9999999999997732,0.9717780174038468
118,128,0.9999999999992248,0.9733831521168891
119,129,0.9999999999997681,0.9739770393243722
120,130,0.9999999999997667,0.9742313755588902
121,131,0.9999999999995622,0.9740622006919907
122,132,0.9999999999978683,0.9738765055645802
123,133,0.9999999999977967,0.9750665475788466
124,134,0.9999999999992633,0.9734705723839004
125,135,0.9999999999975817,0.973962501357028
126,136,0.9999999999976584,0.9747344173936217
127,137,0.9999999999995115,0.9743836465291006
128,138,0.9999999999974067,0.9745427785538413
129,139,0.9999999999992465,0.9759047394417821
130,140,0.999999999999446,0.9759218531520416
131,141,0.9999999999987558,0.9761303832102571
132,142,0.9999999999983833,0.9746436878290897
133,143,0.9999999999989296,0.9750114614220837
134,144,0.9999999999987009,0.9702453992240053
135,145,0.999999999997215,0.9737440829413846
136,146,0.9999999999994991,0.9718730624941256
137,147,0.9999999999983769,0.972851587126377
138,148,0.999999999999462,0.9731164615733958
139,149,0.9999999999995273,0.9727192848881567
140,150,0.999999999999022,0.9723080128425861
141,151,0.9999999999995646,0.9753925580958757
142,152,0.9999999999935031,0.9754781933119934
143,153,0.9999999999958823,0.9751834671456798
144,154,0.9999999999922983,0.9759608104149203
145,155,0.9999999999973793,0.9758447138998229
146,156,0.9999999999952569,0.9758191282117058
147,157,0.9999999999973189,0.9758911588951732
148,158,0.9999999999967061,0.9755886109544638
149,159,0.9999999999898458,0.9758648564936258
150,160,0.9999999999751549,0.9755242625033144
151,161,0.9999999999952728,0.9760237648140841
152,162,0.9999999999988681,0.9756250550123733
153,163,0.999999999991167,0.9759182017346858
154,164,0.9999999999860465,0.9760972558466953
155,165,0.99999999999711,0.9761373916810788
156,166,0.9999999999971926,0.976020614318947
157,167,0.9999999999817124,0.9762362274009955
158,168,0.9999999999660519,0.9761842874921488
159,169,0.9999999999987189,0.9762623837762034
160,170,0.999999999950085,0.9767084590603257
161,171,0.9999999999885619,0.9768429271184376
162,172,0.9999999999970836,0.9755653183214456
163,173,0.9999999999627608,0.9764719571883579
164,174,0.9999999999751569,0.9766431965348827
165,175,0.9999999999910908,0.976699001091934
166,176,0.9999999999891481,0.9766931762838241
167,177,0.9999999999818968,0.9766526541486771
168,178,0.9999999999652589,0.9766156588779222
169,179,0.9999999999742982,0.9766411642857263
170,180,0.9999999999972494,0.9766564461695068
171,181,0.9999999999677109,0.9768884490426328
172,182,0.9999999999919966,0.9770111836002617
173,183,0.9999999999874901,0.9768349364229444
174,184,0.9999999999704706,0.9762546417852849
175,185,0.9999999999836018,0.9754718990969888
176,186,0.999999999880238,0.9754003958594669
177,187,0.9999999999702117,0.9759332253267933
178,188,0.9999999999930953,0.9759020723901881
179,189,0.9999999999273121,0.9759107475668931
180,190,0.9999999999954747,0.9737754582380673
181,191,0.9999999999077376,0.973628952539042
182,192,0.999999999937856,0.9735100524808393
183,193,0.9999999999404621,0.9736289693047073
184,194,0.99999999989191,0.9720299188819054
185,195,0.9999999999808435,0.9696003537995721
186,196,0.9999999998439348,0.9696653644310509
187,197,0.9999999999608012,0.9697307308109899
188,198,0.9999999999208752,0.9704701371871087
189,199,0.9999999998473357,0.9709162956124053
190,200,0.9999999999731823,0.9688294551060193
191,201,0.9999999998545696,0.9701308251210446
192,202,0.9999999996903529,0.9704148147564144
193,203,0.9999999998738086,0.9698957850911644
194,204,0.9999999999038912,0.9718055753086571
195,205,0.9999999998781038,0.9709739118929577
196,206,0.9999999989053474,0.9683455483260283
197,207,0.9999999999208729,0.9686257897434086
198,208,0.9999999999132118,0.9712437174959984
199,209,0.9999999999321895,0.9709292208253983
200,210,0.9999999999513148,0.9694171918773813
201,211,0.9999999995785727,0.9798790906812357
202,212,0.9999999995423706,0.979598810066219
203,213,0.9999999995552382,0.9751934602007077
204,214,0.9999999993457902,0.9786511582394936
205,215,0.9999999996201371,0.9782282893037219
206,216,0.9999999996476198,0.9755554680237033
207,217,0.9999999993805287,0.9758996718947569
208,218,0.9999999985660478,0.9758690037926933
209,219,0.9999999997737281,0.9790531210823384
210,220,0.999999999864538,0.979179181990539
211,221,0.9999999998212831,0.9808971638164109
212,222,0.9999999999140728,0.9803336793497167
213,223,0.9999999991747847,0.9803629167210747
214,224,0.9999999993659244,0.9773988169615286
215,225,0.9999999985766445,0.9796608906766542
216,226,0.9999999995761879,0.9796094730186766
217,227,0.9999999993359918,0.9794507232823394
218,228,0.999999999631465,0.9773569871120991
219,229,0.9999999999320588,0.9801937688711198
220,230,0.9999999993886532,0.9807136601499685
221,231,0.9999999994682658,0.9792163685448961
222,232,0.9999999994226711,0.9796799539075037
223,233,0.9999999993214539,0.9797038806077216
224,234,0.9999999994401013,0.9772495088328225
225,235,0.999999999487714,0.9770618170420965
226,236,0.9999999994430538,0.9769929679747253
227,237,0.9999999994706549,0.980538714849732
228,238,0.9999999998368576,0.9806347950800949
229,239,0.9999999994781484,0.9806767562289523
230,240,0.9999999998185689,0.9796548237014996
231,241,0.999999999798283,0.9765652946030617
232,242,0.9999999998303066,0.9746768192533375
233,243,0.999999999746108,0.9747494739104752
234,244,0.9999999995463088,0.9748802891322693
235,245,0.9999999996973207,0.9782211683584027
236,246,0.9999999997315149,0.9775938097229567
237,247,0.9999999964589595,0.9776073797854071
238,248,0.9999999982709609,0.9779610495202915
239,249,0.9999999996793516,0.9780743835139247
240,250,0.9999999990966277,0.9774559331146605
241,251,0.9999999990666838,0.9776180288668649
242,252,0.99999999897467,0.9777368222360908
243,253,0.9999999995415906,0.9799220552536387
244,254,0.99999999778845,0.979322494170889
245,255,0.9999999991889897,0.9801727103128638
246,256,0.9999999975451358,0.9751054128710916
247,257,0.9999999985593033,0.9811017135110431
248,258,0.9999999989039942,0.9749725681845502
249,259,0.999999998604634,0.9799998268856586
250,260,0.9999999995494415,0.9801988361254583
251,261,0.9999999977101605,0.9802821768163738
252,262,0.9999999979419579,0.9800919458974263
253,263,0.9999999984233866,0.9802940602247501
254,264,0.9999999982951064,0.980328637208697
255,265,0.9999999985399081,0.9802876748391832
256,266,0.9999999987192786,0.9803228100025848
257,267,0.9999999990106005,0.9804075609518884
258,268,0.9999999976067058,0.980397708405319
259,269,0.9999999975351671,0.9805767127655274
260,270,0.999999999611628,0.9804937713245857
261,271,0.9999999986438544,0.9803931277923995
262,272,0.9999999993934545,0.9761777598261278
263,273,0.9999999985355136,0.9755783916573677
264,274,0.9999999997118998,0.9810573169918256
265,275,0.9999999993333871,0.9813004156227797
266,276,0.9999999983099305,0.9784649461998295
267,277,0.9999999993567292,0.9801208388035955
268,278,0.9999999995050649,0.9800997476079435
269,279,0.9999999992981375,0.9801053055297658
270,280,0.9999999977756262,0.9767404232773433
271,281,0.9999999971527426,0.9766956168746416
272,282,0.9999999995725274,0.9766690506611063
273,283,0.9999999990427754,0.9766460477047696
274,284,0.9999999987854996,0.9762165163313092
275,285,0.999999998199796,0.9770379594736922
276,286,0.99999999358319,0.980385378682718
277,287,0.9999999976580671,0.9817414344940582
278,288,0.9999999985840665,0.9774278966433568
279,289,0.9999999967977868,0.9775250699549926
280,290,0.9999999990932806,0.9811155709689827
281,291,0.9999999953741852,0.9810917102741256
282,292,0.999999998018297,0.9812081616288472
283,293,0.9999999971665678,0.979455856459197
284,294,0.9999999974474236,0.9759945120125679
285,295,0.9999999983101452,0.9816580363087701
286,296,0.9999999993264846,0.979448317119124
287,297,0.9999999965597794,0.9812004819460806
288,298,0.9999999973201763,0.9805408583167389
289,299,0.9999999974761508,0.981183833289341
290,300,0.9999999969763876,0.9806013994411423
291,301,0.9999999994894543,0.9806493541073307
292,302,0.999999995025687,0.9807754313405745
293,303,0.999999999125702,0.9805915337701959
294,304,0.9999999963417029,0.9805439100315199
295,305,0.9999999986188947,0.9806088548340034
296,306,0.9999999963198903,0.9814804169601777
297,307,0.9999999976173591,0.9818283319010009
298,308,0.9999999971316545,0.9816164878189378
299,309,0.9999999975218349,0.9818144774088516
300,310,0.9999999983999074,0.98102754970657
301,311,0.9999999991435485,0.9810179035875186
302,312,0.9999999993573263,0.9809208549226464
303,313,0.9999999992642704,0.9777101325550821
304,314,0.9999999987824846,0.9773903736680232
305,315,0.999999998478127,0.9808766406596041
306,316,0.9999999986834713,0.9808278655056346
307,317,0.9999999971263281,0.9808241446321737
308,318,0.9999999972069509,0.9807513421596579
309,319,0.9999999634023511,0.9801687521477155
310,320,0.9999999914943285,0.9799848360725084
311,321,0.9999999886617363,0.9802409189554541
312,322,0.999999991968487,0.9804082875305908
313,323,0.9999999984951617,0.9796513382969623
314,324,0.9999999948564936,0.9776168649870427
315,325,0.9999999973709923,0.9796927242264882
316,326,0.9999999892901454,0.9795936031742787
317,327,0.9999999951636277,0.9797499322593503
318,328,0.9999999956467852,0.980807753142566
319,329,0.9999999973369994,0.9797344952118165
320,330,0.9999999976583969,0.9798556882982841
321,331,0.9999999951024253,0.9800858681722973
322,332,0.9999999957875186,0.9807295570538822
323,333,0.9999999924492211,0.9800520591240741
324,334,0.9999999952072277,0.9784515449213571
325,335,0.99999999711889,0.9782596481910294
326,336,0.9999999930138952,0.9770816031404143
327,337,0.9999999957315029,0.9771903318815138
328,338,0.9999999931143576,0.9792172871414804
329,339,0.9999999918301679,0.9801838675097622
330,340,0.9999999889196142,0.9799855118185613
331,341,0.99999999403733,0.9804228616184454
332,342,0.9999999900801184,0.9799099800227389
333,343,0.999999993141477,0.9795274701750588
334,344,0.999999993378163,0.9797321336829257
335,345,0.9999999933296723,0.9926650079604108
336,346,0.999999994887744,0.9928195691774072
337,347,0.9999999913123518,0.992977385257198
338,348,0.9999999900590676,0.9930156777447332
339,349,0.9999999788049858,0.9929203565033492
340,350,0.9999999812058523,0.9928582936790276
341,351,0.9999999931788639,0.9928746655569811
342,352,0.9999999931375411,0.9928378315245119
343,353,0.9999999904022738,0.9927298369885393
344,354,0.9999999881460343,0.9926317482425023
345,355,0.9999999924738692,0.9926452001700139
346,356,0.9999999590948591,0.992651855209235
347,357,0.9999999891037459,0.9929283450027828
348,358,0.9999999756701561,0.992917062932265
349,359,0.9999999555817624,0.9928004966806282
350,360,0.9999999851086789,0.9925523432562482
351,361,0.9999999867741504,0.9929083264572
352,362,0.9999999795702508,0.9929189215976258
353,363,0.9999999766238745,0.9930419518416281
354,364,0.9999999801612316,0.992818267159164
355,365,0.9999999946362165,0.9928203973748206
356,366,0.9999999820758853,0.992831727672209
357,367,0.9999999846966423,0.9933491891480436
358,368,0.9999999838793098,0.9931427223360462
359,369,0.9999999497166459,0.9929310652738144
360,370,0.9999999606995778,0.9928379198013476
361,371,0.9999999910903866,0.9924083066767873
362,372,0.9999999854453617,0.9929922046176796
363,373,0.9999999847362333,0.9928983624260178
364,374,0.9999999752534418,0.9931304265933479
365,375,0.9999999711155395,0.9928776847861184
366,376,0.9999999849907624,0.9932038684583764
367,377,0.9999999811519752,0.9931396944143552
368,378,0.999999974957741,0.99310889662526
369,379,0.9999999821271752,0.9931436910995586
370,380,0.999999961335519,0.993147337910885
371,381,0.9999999876209171,0.9931034250319289
372,382,0.9999999936099926,0.9931649837662982
373,383,0.999999980399381,0.993005943019898
374,384,0.9999999720945452,0.9928798782420399
375,385,0.9999999899213164,0.9933729455179202
376,386,0.9999999857411486,0.9928513597158174
377,387,0.9999999774120634,0.9928544837327731
378,388,0.9999999853600572,0.9927562182147208
379,389,0.9999999819655239,0.9934515055786971
380,390,0.9999999761205574,0.9935272693759584
381,391,0.9999999808677519,0.9916678070935918
382,392,0.9999999556200745,0.9916333484879194
383,393,0.9999999784233228,0.9917062528059276
384,394,0.9999999732576904,0.9917519646060057
385,395,0.9999999683973644,0.9915416477429273
386,396,0.999999956392739,0.9917971093133232
387,397,0.9999999678693369,0.9941016770532174
388,398,0.9999999742590739,0.9943525127518192
389,399,0.9999999506662204,0.9942666096726773
390,400,0.9999999551977727,0.9943641987739039
391,401,0.9999999830891345,0.9942303769577353
392,402,0.9999999666093954,0.9943078999177308
393,403,0.9999999545351036,0.9942660453464318
394,404,0.9999999279224674,0.9942137226010213
395,405,0.9999999148860632,0.9943771576217436
396,406,0.9999999777403561,0.9941353570871708
397,407,0.9999999845911002,0.994416932279899
398,408,0.9999999089928743,0.9943686633885749
399,409,0.9999999520152544,0.9943572450993796
400,410,0.9999999680382666,0.9943676264945355
401,411,0.9999999567001644,0.9943467026477701
402,412,0.999999973487456,0.9949739890698923
403,413,0.9999999774626155,0.9947588852566738
404,414,0.9999999444239392,0.9949251245854666
405,415,0.9999999650950757,0.9949047870593041
406,416,0.9999998953630713,0.994826621513531
407,417,0.9999999637197784,0.9949560019811967
408,418,0.9999999502992563,0.9948178709580504
409,419,0.9999999186449675,0.9949098285359027
410,420,0.9999999661350667,0.9950988589477026
411,421,0.999999886989523,0.994421079444855
412,422,0.9999999234944911,0.9949223380140233
413,423,0.999999938966889,0.9952824466286813
414,424,0.999999976274678,0.9953006075584321
415,425,0.9999999707765646,0.9947070844744398
416,426,0.9999999071901011,0.99484336985849
417,427,0.9999999492144481,0.9948353464869404
418,428,0.99999988601979,0.9949221888498504
419,429,0.9999998376386203,0.9947568148670971
420,430,0.9999998874972555,0.9949000484093465
421,431,0.9999999239263045,0.994759045107504
422,432,0.9999999022738801,0.9948433710246637
423,433,0.9999999412784167,0.9948257057939259
424,434,0.9999999327982745,0.9949221468102604
425,435,0.9999999464904369,0.9935732578642469
426,436,0.9999999640484899,0.993840519813173
427,437,0.9999998728573023,0.9938151735887013
428,438,0.9999999524443165,0.9936546941850593
429,439,0.9999999433206376,0.9936614427737787
430,440,0.999999906973803,0.9935467500469195
431,441,0.9999999258865682,0.9934301941059328
432,442,0.999999910525566,0.9937760785968127
433,443,0.9999999142409642,0.9936808466393507
434,444,0.9999999120167505,0.993738161346337
435,445,0.999999962070983,0.9939298375229367
436,446,0.9999999634488685,0.9938188987065958
437,447,0.9999999607128245,0.9937731180596061
438,448,0.9999999087928563,0.9939705392702117
439,449,0.9999999185721713,0.9939236003892264
440,450,0.9999999392583643,0.9939101806689612
441,451,0.9999999061726244,0.9939085672221921
442,452,0.9999999173420695,0.9938737877009146
443,453,0.9999999278679845,0.9939853230240735
444,454,0.9999998385793641,0.9941574694977436
445,455,0.9999999036187951,0.9937560884551904
446,456,0.9999999047502987,0.9940331151802391
447,457,0.9999998987484497,0.993734419244845
448,458,0.9999999156053951,0.9938254820512377
449,459,0.9999998768469737,0.993759985908683
450,460,0.9999999029730127,0.993956298497178
451,461,0.999999888884375,0.9940992891306862
452,462,0.9999999111604227,0.9940367698580546
453,463,0.9999999347235048,0.9939132603355599
454,464,0.9999998439156353,0.9939559048992229
455,465,0.9999998383662513,0.9940288740466635
456,466,0.9999999256229308,0.9942992295863688
457,467,0.999999822008421,0.9941143264134125
458,468,0.9999999305551203,0.9942869285693772
459,469,0.9999998564888906,0.9940704382766892
460,470,0.9999998928557746,0.9942033621403047
461,471,0.9999998959422008,0.9940243388697948
462,472,0.9999997457694079,0.993808156517365
463,473,0.999999801963949,0.9938028079318741
464,474,0.999999849516398,0.994038277306666
465,475,0.9999998838409354,0.9941415665540797
466,476,0.9999999039445373,0.9942006045390062
467,477,0.9999998191498252,0.9947598765378409
468,478,0.9999999097455089,0.9946883088434387
469,479,0.9999998183299436,0.9939005761814904
470,480,0.9999998246737087,0.9938921300632722
471,481,0.9999998468954224,0.9939887298405793
472,482,0.9999998977055968,0.9941668853420733
473,483,0.9999997647859753,0.9940350355419325
474,484,0.9999998553023713,0.994307804546155
475,485,0.9999998769385082,0.9942218375440851
476,486,0.9999999059959689,0.9939336093577317
477,487,0.9999998809395856,0.9943603867779888
478,488,0.9999998074995238,0.9943336010973389
479,489,0.9999997630832771,0.9942910349542546
480,490,0.9999998676291522,0.9941677912599155
481,491,0.9999998911591758,0.9943136398284427
482,492,0.9999998946137485,0.9940817441087929
483,493,0.9999997988003465,0.9953138831154158
484,494,0.9999998947968812,0.995404814596539
485,495,0.999999881354272,0.9953914446483028
486,496,0.9999998226100569,0.9961440743123853
487,497,0.999999766382213,0.9957538554611326
488,498,0.9999998870360508,0.9956580879383532
489,499,0.9999997706471915,0.995911099737782
490,500,0.9999998334978862,0.9961068499489795
491,501,0.9999997982197226,0.9962104375742679
492,502,0.9999998113802057,0.9961907802178276
493,503,0.9999997900302118,0.99590671644909
494,504,0.9999997245456403,0.9959350444087198
495,505,0.999999883919294,0.9961095345765635
496,506,0.9999997290759008,0.9963158338836535
497,507,0.9999998355952954,0.996214194738392
498,508,0.999999814380847,0.9962384534054631
499,509,0.9999996288208552,0.9962341040869376
500,510,0.9999999190534874,0.9962347773669423
501,511,0.9999998303318787,0.9963470016005072
502,512,0.9999997903910823,0.9962049514795622
503,513,0.9999998911425574,0.9963524998128825
504,514,0.9999997152271866,0.9960460001826118
505,515,0.9999998265287616,0.9962319525432602
506,516,0.999999756870281,0.9961316251924739
507,517,0.9999997679076609,0.9963206900574525
508,518,0.9999997771116903,0.9963277381749026
509,519,0.9999997301889406,0.9958744490303897
510,520,0.9999998185812052,0.9957771468995246
511,521,0.9999998622049948,0.9962058829687913
512,522,0.999999808087262,0.9961932319745258
513,523,0.9999998305368102,0.9965434671042014
514,524,0.9999998262355546,0.9960736627900355
515,525,0.9999997993065316,0.9962501817533383
516,526,0.999999798533801,0.9959339415750108
517,527,0.9999997725444598,0.995834392897472
518,528,0.9999998009200761,0.9959047972004226
519,529,0.9999997799623147,0.9957622746927675
520,530,0.9999997179829834,0.9958012450163506
521,531,0.9999997887278624,0.9957732185800784
522,532,0.9999998193373728,0.9958276781620603
523,533,0.9999998986558344,0.9958611862033658
524,534,0.9999997785126449,0.9959261819044319
525,535,0.9999997780730474,0.9958944568498467
526,536,0.9999997377158392,0.9957145408119692
527,537,0.9999996975315225,0.9956909022640021
528,538,0.9999998847429648,0.9966795780329502
529,539,0.9999997943908093,0.9966997355159483
530,540,0.9999998015921057,0.996417398019911
531,541,0.9999998716554127,0.9965892835013245
532,542,0.999999881490196,0.9963574209954051
533,543,0.9999998038183022,0.9963421080996505
534,544,0.9999998463663672,0.9964458170586262
535,545,0.9999998542316169,0.9964618014491747
536,546,0.9999997431149227,0.996479049432379
537,547,0.9999997567839,0.9963483471138104
538,548,0.9999998511872962,0.9963531363152113
539,549,0.9999996733424582,0.9967374733641152
540,550,0.9999998053822239,0.9965342311603055
541,551,0.9999997355580903,0.9963638145404599
542,552,0.9999998564711198,0.9961167585567309
543,553,0.9999996232276569,0.9964100182176081
544,554,0.9999998144689507,0.9965194148558821
545,555,0.9999996408964543,0.9963320138995768
546,556,0.9999998003827341,0.9963644800921226
547,557,0.9999997115967972,0.9968199972694932
548,558,0.9999997992516427,0.9968949501520317
549,559,0.9999997760318098,0.996675085728719
550,560,0.9999996431985894,0.9965877004366434
551,561,0.9999995263457007,0.9965044274024977
552,562,0.9999997895738783,0.9965268808979523
553,563,0.9999996954024517,0.9962627326701535
554,564,0.9999997471164443,0.9963905641064688
555,565,0.9999998691665513,0.9964316444535706
556,566,0.9999998493625261,0.9964753519205867
557,567,0.9999998830450865,0.9963123451763019
558,568,0.999999807783343,0.996415676615526
559,569,0.9999998512600685,0.9964043603616252
560,570,0.9999998724615422,0.9963679227629193
561,571,0.9999998181946163,0.9966471201809352
562,572,0.9999996033671463,0.9966912627693719
563,573,0.9999997635850587,0.996651644192403
564,574,0.9999998027023496,0.9965964641919097
565,575,0.9999998127374184,0.9966693248518168
566,576,0.9999997411509091,0.9966584927888803
567,577,0.9999998140830838,0.9969156319074156
568,578,0.9999999009699773,0.9966554348017928
569,579,0.9999997009606014,0.996726790086795
570,580,0.9999999058237471,0.996382833795916
571,581,0.9999998045664966,0.9964518986508923
572,582,0.9999997673927864,0.9966689015021581
573,583,0.9999998234601253,0.9969065900648513
574,584,0.999999755494489,0.9968167924375709
575,585,0.9999997007796104,0.9967997278506701
576,586,0.9999998264195611,0.9963720183510847
577,587,0.9999996352097505,0.9964117147635039
578,588,0.9999996918532981,0.9965801747294667
579,589,0.9999995085130748,0.9964145877800703
580,590,0.9999995831769771,0.9965146260504699
581,591,0.9999994359199594,0.9964107541327815
582,592,0.9999997593186856,0.9962068477371979
583,593,0.99999982607929,0.9965556189721095
584,594,0.9999997494567529,0.9965658656996403
585,595,0.9999997999640478,0.9966107004146547
586,596,0.9999998035052677,0.9965048780285755
587,597,0.999999732072712,0.9964051753584502
588,598,0.9999998136395818,0.9962709843135977
589,599,0.9999996241713346,0.9963154470504331
590,600,0.999999801456247,0.9964755924562826
591,601,0.999999753147836,0.996277691996369
592,602,0.9999998187240812,0.9964069438195942
593,603,0.9999998261088748,0.9963686407713958
594,604,0.9999997393356074,0.9963354993591091
595,605,0.9999997570597612,0.9964235666007255
596,606,0.999999494605729,0.9963920291125669
597,607,0.9999996498512819,0.996446814515607
598,608,0.9999994472189169,0.9963906852144317
599,609,0.9999996479827508,0.9963462344135682
600,610,0.9999996863532522,0.9962717440455972
601,611,0.9999996467363378,0.9965222569443577
602,612,0.9999994395793732,0.9965339125227434
603,613,0.9999996299355441,0.9967685629452264
604,614,0.9999996771495396,0.996419123635448
605,615,0.999999454566252,0.9964518682444381
606,616,0.9999996603852076,0.9963542314443343
607,617,0.9999996960238581,0.9961676664148881
608,618,0.999999678033646,0.9958977862363309
609,619,0.9999996076321356,0.9958740975295007
610,620,0.9999997263219879,0.9960737837912593
611,621,0.9999994664618381,0.9964910342000197
612,622,0.9999996198731115,0.9964799718941089
613,623,0.9999994515842083,0.9963013734079444
614,624,0.9999995821546934,0.9963825142887751
615,625,0.9999995643233743,0.9962833559224091
616,626,0.9999997425401081,0.9963792798299814
617,627,0.9999992957001288,0.9961994767028931
618,628,0.9999992970129004,0.9963866921741776
619,629,0.9999993402329604,0.9962393703774458
620,630,0.9999993505856541,0.9962494058507769
621,631,0.9999995248442978,0.9962151051628259
622,632,0.9999994208214131,0.996317002057032
623,633,0.9999990654888895,0.9963229756186954
624,634,0.999999659657188,0.9962653494659864
625,635,0.9999990929893313,0.9962806133011624
626,636,0.9999995182684557,0.99605222475993
627,637,0.9999996489389218,0.9963324320838178
628,638,0.9999996061455564,0.996326525114196
629,639,0.9999997054989455,0.9963148156393837
630,640,0.9999996877434638,0.9963708425216343
631,641,0.9999995952399352,0.9966861285308888
632,642,0.9999993937839001,0.9962916909209024
633,643,0.9999994003426133,0.9964192692099652
634,644,0.9999995144720402,0.9963432117674479
635,645,0.999999519687068,0.9965170333380438
636,646,0.9999993160568261,0.9966217812684072
637,647,0.9999995624363565,0.9967568015215934
638,648,0.9999995193399067,0.9965827099783394
639,649,0.9999991815161072,0.9967509026932516
640,650,0.9999996998299664,0.9965859090646987
641,651,0.9999994474735637,0.9964728642717788
642,652,0.9999995574674999,0.9963074161493374
643,653,0.9999991752353441,0.9965146949698109
644,654,0.9999992255962723,0.9965880092927375
645,655,0.9999992744775462,0.9965734853391525
646,656,0.9999994753921511,0.9966037593019536
647,657,0.999999721962904,0.9966878472456477
648,658,0.9999990814351267,0.9963873322033201
649,659,0.9999994352601516,0.9964021951428357
650,660,0.9999989624669331,0.9967475253400279
651,661,0.9999995478984551,0.9966793512623356
652,662,0.9999994888635929,0.9967445570026641
653,663,0.9999991537002101,0.9966555270603352
654,664,0.9999994305657182,0.9965439531816452
655,665,0.999999526152966,0.9965076451136089
656,666,0.9999988925211133,0.9965753285049628
657,667,0.9999990671243906,0.9968951774656613
658,668,0.999999067285657,0.996846059573592
659,669,0.9999989883970034,0.9965700699711142
660,670,0.9999990448240261,0.9965725914112397
661,671,0.9999995528792796,0.9968541660620948
662,672,0.9999992248329254,0.9968963925534542
663,673,0.9999989491707023,0.9966496154479427
664,674,0.999999136272061,0.9964642791751519
665,675,0.9999996581324969,0.996329283992757
666,676,0.9999991441841497,0.9963227164660428
667,677,0.9999994018382338,0.9963267481943373
668,678,0.9999989541676416,0.996534286690088
669,679,0.9999992737302785,0.9961998457956752
670,680,0.9999989755368278,0.9965928427322882
671,681,0.999999417647453,0.9956735794400653
672,682,0.9999994097506446,0.996061788281611
673,683,0.9999994891735028,0.9967886035472865
674,684,0.9999995467613003,0.9968173713330941
675,685,0.9999993145209575,0.9963811106793034
676,686,0.999998972876714,0.9959651165987863
677,687,0.9999992272030522,0.9963854950618517
678,688,0.9999992859738958,0.9952757030309997
679,689,0.9999993202562738,0.996482134612885
680,690,0.9999993739500757,0.9966272054375015
681,691,0.9999990670997424,0.9966341468183298
682,692,0.9999989270505197,0.996599196596228
683,693,0.9999992092998483,0.996401111392198
684,694,0.9999993258107219,0.996255485053435
685,695,0.9999993058702945,0.9964152432124856
686,696,0.9999995799861493,0.997239492861376
687,697,0.9999997205975418,0.9968676874333391
688,698,0.9999994438521397,0.9971784851014335
689,699,0.9999995344701514,0.9970938562078161
690,700,0.9999994274201118,0.9970941204552873
691,701,0.9999995731076282,0.9970571912487732
692,702,0.9999990577642933,0.9971916079821906
693,703,0.9999993361275142,0.9971456506809238
694,704,0.999999255016891,0.9970871226801126
695,705,0.999999442477372,0.9970634932637754
696,706,0.9999993622233003,0.9969345283722377
697,707,0.9999994057822402,0.9970728096196608
698,708,0.9999990326111472,0.9961200746762797
699,709,0.999999225796764,0.9962166316446391
700,710,0.9999992111647984,0.9948355057832342
701,711,0.9999990617873784,0.995295659857413
702,712,0.999998772942353,0.9965533994138839
703,713,0.9999989287107899,0.9953596809494734
704,714,0.9999990664211807,0.9959898257231947
705,715,0.9999990294141398,0.9962485683849507
706,716,0.9999989827066115,0.9966599403057009
707,717,0.9999991021122425,0.9959636383469812
708,718,0.9999989865787668,0.9965035483747635
709,719,0.9999988114091531,0.9964686083538783
710,720,0.9999992135109195,0.9965355311881007
711,721,0.9999985987273562,0.9957506296190111
712,722,0.9999986257627465,0.9957801190211335
713,723,0.9999992798514928,0.9956140940896522
714,724,0.9999985950410776,0.9957365162386375
715,725,0.9999987914278999,0.9956706651747498
716,726,0.9999989108203916,0.9956086462409033
717,727,0.9999989110117169,0.9957349507478269
718,728,0.9999991415780717,0.9965633813167692
719,729,0.99999929192082,0.9964410185860575
720,730,0.9999989139850883,0.9968581112999999
721,731,0.9999982774734885,0.9959660551629631
722,732,0.9999983287103122,0.9958719528736466
723,733,0.9999983649875838,0.9959976761389723
724,734,0.9999984046352516,0.9960993537329438
725,735,0.9999988075613494,0.9959070890171845
726,736,0.9999985898619643,0.9961091726687767
727,737,0.9999985413082166,0.9961728881438857
728,738,0.9999982244344625,0.9960575429184522
729,739,0.9999989192109362,0.9959375554855558
730,740,0.9999985675439222,0.9961061395566931
731,741,0.9999992308586001,0.9957363381665753
732,742,0.9999988253747224,0.9959813141246623
733,743,0.9999987568834984,0.9960855682477707
734,744,0.9999989971240704,0.995879508000575
735,745,0.9999988758817713,0.9958876007705656
736,746,0.9999987853292732,0.9960560856706046
737,747,0.9999987750017909,0.9960472667856932
738,748,0.9999989835884507,0.9958931687602189
739,749,0.9999988227103157,0.9962000216296956
740,750,0.9999987942282436,0.9960954077644865
741,751,0.9999990383412153,0.9961541799314083
742,752,0.9999991342654629,0.9958281960865187
743,753,0.9999986631118054,0.9962563942764033
744,754,0.9999988820521091,0.9961136482419621
745,755,0.9999989442026859,0.9963269225050337
746,756,0.9999992524646695,0.9959333165369749
747,757,0.9999984172794691,0.9961534872684205
748,758,0.9999986872649965,0.9961074040931689
749,759,0.9999986691041376,0.9961823165583531
750,760,0.9999983596313023,0.9956957658524866
751,761,0.9999985953681464,0.9960176502084629
752,762,0.999998355505033,0.9960453951695972
753,763,0.9999984332540752,0.9961477635639135
754,764,0.9999983590428798,0.9962970920269861
755,765,0.9999979852106564,0.9957427565448751
756,766,0.9999984160202742,0.9958708495405043
757,767,0.9999987759461584,0.9959560310877542
758,768,0.9999980194477294,0.9960560346363972
759,769,0.9999980178575306,0.9958138860501278
760,770,0.99999860604404,0.9958485080946361
761,771,0.9999986673188165,0.9957714786146793
762,772,0.9999990938191816,0.9958776042453852
763,773,0.9999987646917429,0.9960671328779985
764,774,0.999999071323092,0.9958778021990716
765,775,0.9999980153961746,0.9955247627083891
766,776,0.9999984310501969,0.9956452518845272
767,777,0.999998576476494,0.9955732896676287
768,778,0.9999984279679703,0.9957375174471785
769,779,0.9999985577824025,0.9960933784915675
770,780,0.9999986530936084,0.9959433936125639
771,781,0.9999989600349545,0.9960850176853708
772,782,0.9999983512008982,0.9961530445141463
773,783,0.9999991855869522,0.9961081734100778
774,784,0.9999990121961347,0.9961631727083526
775,785,0.999998605316555,0.9962587638809657
776,786,0.9999984189035809,0.9961207743017323
777,787,0.9999989749852013,0.9960974649304439
778,788,0.9999982660618194,0.9961021230931553
779,789,0.9999982828928932,0.9960349038710808
780,790,0.9999982635870776,0.9961242655052962
781,791,0.9999989044048931,0.9961276232859483
782,792,0.999999002365937,0.9958144005849002
783,793,0.9999983402067726,0.9958792082809111
784,794,0.9999986169335494,0.995889381661468
785,795,0.9999981935374107,0.9961923114321954
786,796,0.9999988522799981,0.9962528791889643
787,797,0.9999986725765365,0.9962058095014971
788,798,0.9999979925561016,0.99606487975002
789,799,0.9999986673074753,0.9961810178073304
790,800,0.999998981129853,0.9963238334364829
791,801,0.9999993157366074,0.9963731234224836
792,802,0.9999982209076581,0.9966996350757014
793,803,0.9999986387571238,0.9963120375694172
794,804,0.9999983588578195,0.9967867297182631
795,805,0.9999980120255308,0.9973101764063508
796,806,0.9999985302679425,0.9973941292876664
797,807,0.9999985640589838,0.995530669568015
798,808,0.9999988910775642,0.9956026726990965
799,809,0.9999988614152973,0.996706974851598
800,810,0.9999985035726057,0.9954983508108299
801,811,0.9999991176605025,0.9969216266207686
802,812,0.9999987305168926,0.9968666815342732
803,813,0.999998423958534,0.9969427332989161
804,814,0.9999988629669845,0.9973413160769449
805,815,0.9999986877183942,0.9973269063648187
806,816,0.9999983862622743,0.9973526152129797
807,817,0.9999984627410653,0.9973650944304295
808,818,0.9999974115951789,0.9975811516850498
809,819,0.9999979351973397,0.9976452359366569
810,820,0.9999975026701899,0.9975925544288282
811,821,0.9999972612213786,0.9975451315623987
812,822,0.9999971083827319,0.9974084949291386
813,823,0.9999987317253592,0.9971635225046354
814,824,0.999999094233466,0.9971060880819397
815,825,0.9999980455864916,0.9973685701000423
816,826,0.9999981753739757,0.9973469643012989
817,827,0.9999988581470034,0.9970784081560315
818,828,0.9999990833880781,0.9972128203144971
819,829,0.9999987229651665,0.9971982347418027
820,830,0.99999885569403,0.9972429125403209
821,831,0.999998429430554,0.9972617793895132
822,832,0.9999990965970096,0.9971580533685787
823,833,0.9999984831353863,0.9976076169805271
824,834,0.9999980120251384,0.9973630826076004
825,835,0.999998936430029,0.9973465625588356
826,836,0.9999976862912883,0.9970230415590968
827,837,0.9999973504194646,0.9970288196442896
828,838,0.9999975087009658,0.9970544323404192
829,839,0.9999977998735643,0.9973148123623257
830,840,0.9999981480924255,0.9972806034907925
831,841,0.9999981156349124,0.9970505739697281
832,842,0.9999981434541433,0.997594981626352
833,843,0.9999985053648336,0.9974963988722831
834,844,0.9999984193975077,0.9974709144379845
835,845,0.9999978493879733,0.9964662894812261
836,846,0.9999986779183118,0.9974507624241503
837,847,0.9999974629763456,0.9974322796442502
838,848,0.9999979910687573,0.9976566467617091
839,849,0.9999982925500601,0.9974460170232422
840,850,0.9999989225093487,0.9976450064523026
841,851,0.9999972868903946,0.9974616837261313
842,852,0.9999978006293334,0.9975618894271636
843,853,0.9999971077334676,0.9964817530829712
844,854,0.9999981322297783,0.9967637094062992
845,855,0.999997822835832,0.9965205867367578
846,856,0.9999976716486937,0.9968771637192427
847,857,0.9999981552028151,0.9969034148265736
848,858,0.9999982993386721,0.9969153083045783
849,859,0.9999987599712487,0.9968206373100469
850,860,0.9999982480245998,0.9968796917407348
851,861,0.9999985084210498,0.996940891962523
852,862,0.9999984780139202,0.9967658203951195
853,863,0.9999972561518794,0.997516389602092
854,864,0.9999986875818273,0.9972528835571347
855,865,0.9999973828596088,0.9970777302398118
856,866,0.9999978804643462,0.9972325010051197
857,867,0.9999983295161949,0.9974324514783229
858,868,0.9999984123451352,0.9973294923237236
859,869,0.9999990213130312,0.9972407724634517
860,870,0.9999983698562511,0.9973747722969135
861,871,0.9999982658369672,0.9974112015947979
862,872,0.999998725826044,0.9973856886278405
863,873,0.9999981740309024,0.997290996510872
864,874,0.9999985484059076,0.9973995753008298
865,875,0.9999976990140568,0.9973971975608338
866,876,0.9999974176600608,0.9974455984960476
867,877,0.9999982260428614,0.9973408119152468
868,878,0.9999980175171483,0.9972960474015296
869,879,0.9999984053141067,0.9973504538420664
870,880,0.9999968258897596,0.9971677228702504
871,881,0.9999984954579323,0.9971095989385341
872,882,0.9999980563704408,0.9970922281346805
873,883,0.9999974207403359,0.9972039022316888
874,884,0.9999981615867358,0.9972027516495171
875,885,0.9999980007688479,0.9969668328196695
876,886,0.9999981631169069,0.9970260810667694
877,887,0.9999973938074065,0.9969399920366182
878,888,0.9999960312981966,0.9970061731754791
879,889,0.9999978746353474,0.9969813368528899
880,890,0.999998025180886,0.9969510782615688
881,891,0.9999980820030041,0.9968359614425603
882,892,0.9999980646168304,0.9969047746676422
883,893,0.9999977165761492,0.9968627134504932
884,894,0.9999980723204239,0.9968923973246439
885,895,0.9999981273416686,0.9968796825229133
886,896,0.9999974606172414,0.9968680825482636
887,897,0.9999978144285349,0.9969848275610315
888,898,0.9999975683666253,0.9968673767914101
889,899,0.9999982271368,0.9968252169198113
890,900,0.9999978848916742,0.99709573081074
891,901,0.9999980871119735,0.996900702632364
892,902,0.999997392973285,0.9968080370801309
893,903,0.9999985823962397,0.9965230209332478
894,904,0.9999982001805198,0.9965959123446587
895,905,0.9999986155090084,0.9965143742075733
896,906,0.9999981388677637,0.9967876666874488
897,907,0.9999974661869186,0.996790261141992
898,908,0.9999976637696157,0.9967967551896105
899,909,0.9999981024008732,0.9971120203389833
900,910,0.999998062781851,0.9971629486250221
901,911,0.9999982516731326,0.9970065402490367
902,912,0.9999972726519099,0.9966859998708485
903,913,0.9999973511030679,0.9967007834136014
904,914,0.9999971067668032,0.9968811503611062
905,915,0.99999804752754,0.9966822632463268
906,916,0.9999984222420081,0.9966954653763056
907,917,0.9999985154584984,0.9966701739247288
908,918,0.9999983360007748,0.996582771782728
909,919,0.9999972868670594,0.9967212725153747
910,920,0.9999981749045929,0.9965826817225563
911,921,0.9999981084186597,0.9965118673737885
912,922,0.9999980738640403,0.9964918956722478
913,923,0.9999978666919866,0.9965535816403449
914,924,0.9999979035688068,0.9966152291610918
915,925,0.9999974238792387,0.9967317889629637
916,926,0.9999984159440778,0.9966305331184167
917,927,0.9999971566219713,0.9966411195253251
918,928,0.9999983380730593,0.9965730013802228
919,929,0.9999976001392704,0.9968380270247433
920,930,0.9999982432516624,0.996849833190606
921,931,0.9999981038751395,0.9968662543451072
922,932,0.9999972767680645,0.996868904585257
923,933,0.9999978013895815,0.9968137549555209
924,934,0.9999983754173085,0.9970295434605743
925,935,0.9999976263075114,0.9970156821735051
926,936,0.9999965224611641,0.9969681774332778
927,937,0.9999966720184607,0.9968031034385432
928,938,0.9999982156025276,0.9969821507770733
929,939,0.9999982905620199,0.9967655128891784
930,940,0.9999986227936712,0.9968193193688534
931,941,0.9999982088763594,0.9969977105050644
932,942,0.9999981798768761,0.9971865980377569
933,943,0.9999977842604337,0.9973104283588694
934,944,0.9999971205996179,0.9973621633450379
935,945,0.9999979604625735,0.9973561067827845
936,946,0.999997270337868,0.9973381357217249
937,947,0.999996740961744,0.9974286049006378
938,948,0.9999959772248371,0.9972124893117663
939,949,0.9999976643702009,0.9971908224633858
940,950,0.999997038443318,0.9971729209035558
941,951,0.9999972978113889,0.997156747300501
942,952,0.9999979961803552,0.9973704760238735
943,953,0.9999969143886952,0.9972651935909551
944,954,0.9999971613712728,0.9971653083510543
945,955,0.9999975566428593,0.9972155853455794
946,956,0.9999979843660758,0.9974090145055264
947,957,0.9999973308525321,0.9974674840037898
948,958,0.999997815565473,0.9973946647991004
949,959,0.9999975741932764,0.9975295486165838
950,960,0.999996490655864,0.9970947521111666
951,961,0.999998405456014,0.9974234977510401
952,962,0.9999974275214022,0.9972983370770729
953,963,0.999997701867415,0.9973031825559447
954,964,0.9999974574841142,0.9973739522552304
955,965,0.9999960457526874,0.9972918269632367
956,966,0.9999973967162777,0.9973874929072734
957,967,0.9999969781685163,0.9974713026105774
958,968,0.9999981240920569,0.9974670409532705
959,969,0.9999969784513282,0.9975292188960522
960,970,0.9999967260899677,0.9975311175914712
961,971,0.9999965321376709,0.9974829358911125
962,972,0.9999972307259473,0.9975362919724607
963,973,0.9999968300886207,0.9977433591884116
964,974,0.9999970552269989,0.9977563524185382
965,975,0.9999969158482908,0.9977670518239409
966,976,0.9999972513758423,0.9974440524881283
967,977,0.9999973920959631,0.9974846072416563
968,978,0.9999979998358153,0.9974874473294731
969,979,0.9999966126082092,0.9975305067894962
970,980,0.9999966872189232,0.9974808039815188
971,981,0.9999974392251803,0.9974105385736858
972,982,0.9999965659990458,0.9973902749234088
973,983,0.9999967370377337,0.9974262746040069
974,984,0.9999965784699688,0.9973888503221625
975,985,0.9999970980842988,0.9972969342347756
976,986,0.999997304504649,0.9972835307254285
977,987,0.9999974371873219,0.9974613568115394
978,988,0.9999974253043861,0.9973949829791148
979,989,0.9999968693687619,0.9974374066601931
980,990,0.9999970933054823,0.9975471992949531
981,991,0.9999972087001695,0.9975102746292351
982,992,0.9999969004561118,0.9975958556115849
983,993,0.9999969945166981,0.9976249834765777
984,994,0.999998150128952,0.9977043995015603
985,995,0.9999972751248681,0.9974683755977779
986,996,0.9999970874700473,0.997326428936238
987,997,0.9999967276783179,0.9972825362217643
988,998,0.9999974722281034,0.9972421283521005
989,999,0.9999967400377413,0.9973926383932197
990,1000,0.9999978193944931,0.9974153710400517
991,1001,0.9999979549348067,0.9973711014633229
992,1002,0.9999969667807942,0.9973830738986746
993,1003,0.9999972044834181,0.9961981830661525
994,1004,0.9999973375694141,0.9962661293773748
995,1005,0.9999971397188436,0.9960488054827084
996,1006,0.9999967993866488,0.9962107300068029
997,1007,0.9999966151844305,0.9976893683653782
998,1008,0.9999974019355095,0.9977329719574042
999,1009,0.99999686394346,0.9974179938619233
1000,1010,0.9999960191194718,0.9973057615816255
1001,1011,0.9999966198422527,0.9974029752292846
1002,1012,0.9999972821159037,0.9974802536116812
1003,1013,0.9999974794877847,0.9974689823909058
1004,1014,0.9999972716772116,0.9973853080936362
1005,1015,0.999996277644472,0.9974286605069005
1006,1016,0.9999971567499917,0.997368857310398
1007,1017,0.9999971495746622,0.9973554779753303
1008,1018,0.9999966622019391,0.9975943854903875
1009,1019,0.9999972601102131,0.9976008053893126
1010,1020,0.999996535464074,0.9975089393915619
1011,1021,0.9999959746022664,0.9975211012878541
1012,1022,0.999997501081155,0.9975511302767518
1013,1023,0.9999972772270198,0.9974754785939228
1014,1024,0.9999960628313485,0.9975539446983063
1015,1025,0.9999946222840308,0.9976079522224812
1016,1026,0.9999978688303265,0.9975998644364966
1017,1027,0.9999967065450271,0.9975789770508718
1018,1028,0.9999961670912434,0.9975947119110533
1019,1029,0.9999966044989863,0.9975417071658806
1020,1030,0.9999967050126901,0.9974383432671909
1021,1031,0.9999961775977181,0.9974171760626749
1022,1032,0.9999949041876967,0.9975065899641207
1023,1033,0.9999962599978945,0.9975238576934076
1024,1034,0.9999966304316723,0.9975453481644717
1025,1035,0.9999973682849849,0.99744717832052
1026,1036,0.9999958750053516,0.997434411194608
1027,1037,0.999996317818098,0.9973726814109841
1028,1038,0.9999969313083162,0.9974309398496859
1029,1039,0.9999959181576459,0.9974831205881192
1030,1040,0.9999961402714495,0.9974533113617291
1031,1041,0.9999974643012569,0.9974371475209877
1032,1042,0.9999960117672205,0.9974600937126611
1033,1043,0.999996400717638,0.997445380568375
1034,1044,0.9999958719427274,0.9973613869606794
1035,1045,0.9999962957506491,0.9974270016791074
1036,1046,0.9999964027537617,0.997276529996253
1037,1047,0.9999957466491362,0.9971328933546995
1038,1048,0.9999971962396411,0.9971242175269938
1039,1049,0.9999955048250351,0.9974422469391189
1040,1050,0.9999969878953093,0.9973253816108196
1041,1051,0.9999956877079262,0.9973408666542737
1042,1052,0.9999958651347486,0.9974167033044522
1043,1053,0.9999961259362427,0.9972584570943633
1044,1054,0.9999963679850846,0.9973346304191602
1045,1055,0.9999974333451151,0.9973913759065117
1046,1056,0.9999964293734851,0.9973559673354206
1047,1057,0.9999966635221362,0.9973712222905654
1048,1058,0.9999943961426375,0.9972876553260317
1049,1059,0.999996561934297,0.9973901740665767
1050,1060,0.9999959172345787,0.9973903717277134
1051,1061,0.9999952388082698,0.997404129024296
1052,1062,0.9999964019847184,0.9974201999914228
1053,1063,0.9999964184391382,0.9974430836518331
1054,1064,0.9999950668783217,0.9974859389401214
1055,1065,0.9999960425292829,0.9974232395055272
1056,1066,0.9999972075337963,0.9974362372316998
1057,1067,0.9999964989527975,0.9974596895799089
1058,1068,0.9999963489139951,0.9974301969800945
1059,1069,0.9999948232740399,0.997270336100182
1060,1070,0.9999958167257577,0.9973183855932606
1061,1071,0.9999952559336036,0.9973844081895515
1062,1072,0.9999959365621398,0.9972338767644683
1063,1073,0.9999956272685826,0.9973087105140174
1064,1074,0.9999950544190233,0.9973114897915412
1065,1075,0.9999951430143953,0.9971624272688245
1066,1076,0.9999976692617536,0.9972991748156442
1067,1077,0.9999961607831502,0.9974124452729672
1068,1078,0.9999950229884057,0.9973485811730061
1069,1079,0.999996790180261,0.9971748194499798
1070,1080,0.9999972091482623,0.9972299207092434
1071,1081,0.9999954988538493,0.9967782031374667
1072,1082,0.9999952333759358,0.9970966553601314
1073,1083,0.9999966486707108,0.9968654028221432
1074,1084,0.999996356229217,0.9969412967545627
1075,1085,0.9999968344769905,0.9976205712265342
1076,1086,0.9999950808763965,0.997676195815253
1077,1087,0.9999960834430256,0.9976091069166774
1078,1088,0.9999961597241374,0.9975246578024892
1079,1089,0.9999953619616775,0.9975467322331276
1080,1090,0.9999953435008813,0.9975279990015092
1081,1091,0.9999935576074113,0.9975058277116142
1082,1092,0.9999956205957186,0.9975134325949558
1083,1093,0.9999956373964851,0.9974692271641243
1084,1094,0.9999952931019556,0.9974226299990497
1085,1095,0.9999972154177617,0.9971526603338206
1086,1096,0.9999975802253329,0.9972851033328319
1087,1097,0.9999967662852993,0.997705191581093
1088,1098,0.9999965797442053,0.9976166545424268
1089,1099,0.999997053059742,0.9974332842921737
1090,1100,0.9999969988895853,0.9978159616768075
1091,1101,0.9999967371404117,0.9978013896744208
1092,1102,0.9999981086047611,0.9978829077867181
1093,1103,0.9999971507208822,0.9977878289144821
1094,1104,0.9999971524564656,0.9978141858720229
1095,1105,0.9999963163224989,0.9972875769121989
1096,1106,0.9999967126568942,0.9974352435989067
1097,1107,0.9999965986158998,0.9974124562011274
1098,1108,0.9999966924397706,0.9973380058099574
1099,1109,0.9999974693641567,0.9974421191016553
1100,1110,0.9999963125722603,0.9974012559004323
1101,1111,0.9999973833887292,0.9973274557350326
1102,1112,0.9999965972088547,0.9972748456814151
1103,1113,0.9999967893647672,0.9975607662924802
1104,1114,0.9999965640118488,0.9975471502184508
1105,1115,0.9999965321893111,0.9976990761362191
1106,1116,0.9999954920020443,0.9976760533433806
1107,1117,0.9999961758463367,0.9978080968847737
1108,1118,0.999995939364277,0.9977460308597801
1109,1119,0.9999958183195335,0.997691320721549
1110,1120,0.9999961886880868,0.9977144911882214
1111,1121,0.999996490722521,0.9976970711989118
1112,1122,0.999995661151321,0.9977378952059214
1113,1123,0.9999962189680963,0.9977584613262611
1114,1124,0.999996206512557,0.9973358725285777
1115,1125,0.9999972938972481,0.9972199276636995
1116,1126,0.9999962326698941,0.997474172219848
1117,1127,0.9999953872828207,0.9972751459680181
1118,1128,0.9999961321807541,0.9972267053387058
1119,1129,0.9999954843672543,0.9973934837510027
1120,1130,0.9999964524024901,0.9972874777433471
1121,1131,0.999995042580813,0.9973618197722864
1122,1132,0.9999961605104081,0.9973470747014694
1123,1133,0.9999966705620564,0.9971446828430934
1124,1134,0.9999961799481565,0.9972251649833213
1125,1135,0.9999949865350042,0.9970479399639239
1126,1136,0.999996246369362,0.9970598610108129
1127,1137,0.9999970168031431,0.997082609543717
1128,1138,0.9999946684528593,0.9971970147752995
1129,1139,0.999996579008187,0.9970060273763494
1130,1140,0.9999947636045828,0.9970257642299846
1131,1141,0.9999956810148886,0.9972178219435917
1132,1142,0.9999950535854321,0.996964606432466
1133,1143,0.9999964615930969,0.9971021152193472
1134,1144,0.999996401870991,0.9971913712949168
1135,1145,0.9999949550061284,0.9976827150551985
1136,1146,0.9999955803077367,0.9976523647087349
1137,1147,0.9999969898920228,0.9971943063958777
1138,1148,0.9999952414471585,0.9971969286474748
1139,1149,0.9999957498837866,0.9972403020555088
1140,1150,0.9999961974754515,0.997260353459843
1141,1151,0.999996313901537,0.9972923587361332
1142,1152,0.9999951017585924,0.9971721687395511
1143,1153,0.9999946627967303,0.997239017668315
1144,1154,0.9999960114887401,0.9974354402838678
1145,1155,0.9999955920589234,0.9973571522928099
1146,1156,0.9999954668340757,0.9973680294736242
1147,1157,0.9999968572964443,0.997461203118567
1148,1158,0.9999950050866576,0.997330105363633
1149,1159,0.9999950712068094,0.9972473387660452
1150,1160,0.9999969647600964,0.9972024635966765
1151,1161,0.9999958868789431,0.9972416081078426
1152,1162,0.9999954325767098,0.9972492933364651
1153,1163,0.9999960847372018,0.9973159236023587
1154,1164,0.9999957234140789,0.9971155191865236
1155,1165,0.999995857978486,0.9972851630468216
1156,1166,0.9999963551324241,0.9971313059643891
1157,1167,0.9999960989193029,0.9972725487457943
1158,1168,0.9999969315948221,0.9972020577725084
1159,1169,0.9999960526021215,0.9972372928888292
1160,1170,0.9999970384326011,0.99729750990132
1161,1171,0.9999957624390415,0.9972640641982361
1162,1172,0.9999968079690691,0.9974832790983907
1163,1173,0.9999957009994437,0.9973862699578954
1164,1174,0.9999966370342345,0.9973459474741636
1165,1175,0.9999963502600032,0.9973965045069895
1166,1176,0.9999942942548596,0.9974217934683892
1167,1177,0.9999956646642819,0.9973164624310437
1168,1178,0.9999956224640137,0.9972803198193929
1169,1179,0.9999955616791961,0.9972433310436748
1170,1180,0.9999954147256914,0.9971937842298029
1171,1181,0.9999960305693572,0.9973789181786479
1172,1182,0.9999959592002536,0.9974283181544267
1173,1183,0.9999959618033973,0.9974323947497046
1174,1184,0.9999949237000249,0.9974322205978436
1175,1185,0.9999953172424485,0.9972821629538905
1176,1186,0.9999941139091534,0.9976519990139665
1177,1187,0.9999945051151584,0.9976377755256686
1178,1188,0.9999958808814328,0.9977925857393145
1179,1189,0.9999955949105852,0.9977470175600175
1180,1190,0.999996323685919,0.9971963362643779
1181,1191,0.9999953049300323,0.997632585205041
1182,1192,0.9999945026270707,0.9975296433350996
1183,1193,0.9999963169157833,0.9976134726926683
1184,1194,0.9999948842933378,0.9975918216577844
1185,1195,0.999996696696732,0.9971436906679295
1186,1196,0.9999955369573502,0.9968819938726644
1187,1197,0.999996523635509,0.9973939276004621
1188,1198,0.9999964567457694,0.9973971515963891
1189,1199,0.9999949966152338,0.9972744368036788
1190,1200,0.9999953510145214,0.997164324563227
1191,1201,0.9999944786802202,0.9973400815659749
1192,1202,0.9999951452878009,0.9974019564216535
1193,1203,0.999995717359255,0.9974155229764229
1194,1204,0.9999945739211451,0.9973864180302827
1195,1205,0.9999963979819264,0.9973177488326416
1196,1206,0.9999943540257753,0.9973238216922855
1197,1207,0.9999959954268993,0.9974144591134165
1198,1208,0.9999959449235069,0.9974294796552373
1199,1209,0.9999967270392804,0.9973728520149394
1200,1210,0.9999945533802996,0.9972388255538044
1201,1211,0.9999951619145199,0.9972934585387687
1202,1212,0.9999942173672163,0.9973293014914587
1203,1213,0.9999950516367211,0.9973071331883009
1204,1214,0.999995753193716,0.997377357134765
1205,1215,0.9999949333740703,0.9973134173233331
1206,1216,0.9999946208849916,0.997319706212034
1207,1217,0.999994661355932,0.997351125790001
1208,1218,0.9999942099239644,0.9973160870867134
1209,1219,0.9999953936006186,0.9973406367644897
1210,1220,0.9999946250258904,0.9975982951133417
1211,1221,0.9999952391056295,0.9974865950020385
1212,1222,0.9999953413657586,0.997421416902849
1213,1223,0.9999955106455842,0.9973381788454391
1214,1224,0.9999943488275844,0.9974979640729716
1215,1225,0.9999953052485182,0.9974568232169018
1216,1226,0.9999962339443892,0.9974783372049744
1217,1227,0.9999940877879784,0.9975128623158006
1218,1228,0.9999955164088554,0.9973254381613332
1219,1229,0.9999944088579513,0.9973139056798476
1220,1230,0.9999960992180228,0.9977344512543962
1221,1231,0.9999959350210098,0.9976150959970789
1222,1232,0.9999961140944773,0.9977675169864445
1223,1233,0.9999943418501287,0.9977733368252869
1224,1234,0.9999953308378859,0.9977361575006396
1225,1235,0.9999943961996519,0.9978090358757621
1226,1236,0.9999944218144718,0.9977865593735099
1227,1237,0.9999923391429663,0.9977179997418147
1228,1238,0.9999948055614258,0.9976876898882728
1229,1239,0.9999951107448898,0.9978475281178889
1230,1240,0.9999954429262529,0.9977386213158824
1231,1241,0.9999945347891753,0.9977263795544599
1232,1242,0.9999928228493831,0.9975670042220404
1233,1243,0.9999952800847911,0.9975830041461489
1234,1244,0.9999952196831515,0.9975322515867977
1235,1245,0.9999948364827809,0.9975414251695813
1236,1246,0.9999934536149334,0.9975907070542663
1237,1247,0.9999948645966624,0.9976538948972407
1238,1248,0.9999930186535005,0.9975623596730607
1239,1249,0.9999958748116559,0.9977103022348335
1240,1250,0.999994411615005,0.9980765143785622
1241,1251,0.9999953940484374,0.9980593470977664
1242,1252,0.9999957912542832,0.9981528970194137
1243,1253,0.9999946192997299,0.9981839393922782
1244,1254,0.9999949657978104,0.9974110518728282
1245,1255,0.9999963156384452,0.9975724238657138
1246,1256,0.9999962883145541,0.998154479711672
1247,1257,0.9999947179924042,0.9981744358623151
1248,1258,0.9999963914532014,0.9980623556816969
1249,1259,0.9999957357711301,0.9981654499796497
1250,1260,0.9999950902645505,0.9981130902079501
1251,1261,0.9999939690119696,0.9979771151027657
1252,1262,0.9999953301863829,0.9980286615723741
1253,1263,0.9999942111593134,0.9968302268349927
1254,1264,0.9999935099820954,0.9969719078550947
1255,1265,0.9999957722460094,0.997059791742343
1256,1266,0.9999950724627801,0.9970096686805022
1257,1267,0.9999933943554066,0.9973065823654752
1258,1268,0.9999937737739462,0.9970938146737517
1259,1269,0.9999947887566429,0.9972641434567082
1260,1270,0.9999957907490414,0.9972986214553576
1261,1271,0.999994022668439,0.9971201491547016
1262,1272,0.9999957076909004,0.9980283628103725
1263,1273,0.9999944525009289,0.9979608659586425
1264,1274,0.9999941758676094,0.9979896569590414
1265,1275,0.9999966861675335,0.9975501128413401
1266,1276,0.9999964900085676,0.9976722817576426
1267,1277,0.9999948132846309,0.9976119340582241
1268,1278,0.9999948252298516,0.9968764300524054
1269,1279,0.9999947903180306,0.9969008111930044
1270,1280,0.999995461452287,0.9967557759389846
1271,1281,0.999994488579802,0.9968998706933003
1272,1282,0.9999943614025227,0.9967204269694375
1273,1283,0.9999956459860243,0.9967531657471479
1274,1284,0.9999953904819867,0.9968148356114849
1275,1285,0.9999942063202527,0.9968432398011717
1276,1286,0.9999947809307963,0.9967439749477522
1277,1287,0.9999943929631415,0.9967505549185175
1278,1288,0.999994859294873,0.9976972348069657
1279,1289,0.9999960893991712,0.9977405923137259
1280,1290,0.9999936170170428,0.9977557052405007
1281,1291,0.999994588621047,0.9976583592290378
1282,1292,0.9999953882898452,0.9976202661469699
1283,1293,0.9999931791563433,0.9976863716647046
1284,1294,0.9999952016194257,0.997702939523414
1285,1295,0.9999946581753035,0.9978541314216267
1286,1296,0.9999946492506836,0.9978914346009812
1287,1297,0.99999403246036,0.9979054147660844
1288,1298,0.999995836228768,0.9979013870328576
1289,1299,0.999994721066708,0.9974562482319536
1290,1300,0.9999933664478872,0.9974893219073435
1291,1301,0.9999948242281571,0.9975577138924818
1292,1302,0.9999928410281567,0.9973935745203099
1293,1303,0.9999944516241683,0.9975235800691586
1294,1304,0.9999944286610172,0.9973857399139688
1295,1305,0.9999953051335495,0.9976040078569874
1296,1306,0.9999949064733921,0.997579909159321
1297,1307,0.9999946941927785,0.9974260762363718
1298,1308,0.9999950596323841,0.9974662673796335
1299,1309,0.9999960519545129,0.9974728406096517
1300,1310,0.999994583744802,0.9975393002492908
1301,1311,0.9999953397512634,0.9975787692443314
1302,1312,0.9999953651435695,0.9974981010296626
1303,1313,0.9999955985236468,0.9974781476487373
1304,1314,0.9999962294190565,0.9977047743985151
1305,1315,0.9999944793963819,0.9977773306535349
1306,1316,0.9999951961429002,0.9975410491034647
1307,1317,0.9999963314215163,0.9975343913120914
1308,1318,0.9999944186483755,0.9975025591235309
1309,1319,0.9999953630607846,0.9976210503541609
1310,1320,0.9999948669017037,0.9974424725888466
1311,1321,0.9999953548115429,0.9974432188945942
1312,1322,0.9999949750283438,0.9974362265399961
1313,1323,0.9999956372601764,0.9975160777811393
1314,1324,0.9999953963776501,0.9975464357930569
1315,1325,0.9999954137786021,0.9976749147603499
1316,1326,0.9999955902271372,0.9976992841541898
1317,1327,0.9999950153695153,0.9976745725211598
1318,1328,0.9999931636023277,0.9976956400395468
1319,1329,0.9999935177970556,0.997464075454299
1320,1330,0.999994589711896,0.997584562625716
1321,1331,0.9999946480505149,0.9975891066710411
1322,1332,0.9999955940464579,0.9970030411157098
1323,1333,0.999995601364249,0.9970400217534019
1324,1334,0.9999939533074176,0.9971090211799326
1325,1335,0.9999949672682409,0.9970002639486646
1326,1336,0.999995492963423,0.9971170354415532
1327,1337,0.9999945240455205,0.9970400251514512
1328,1338,0.9999960751862368,0.9970995380339162
1329,1339,0.9999947286938669,0.9979365399863795
1330,1340,0.9999957546455656,0.9969998827036815
1331,1341,0.9999939183092914,0.997064413233444
1332,1342,0.999995894620861,0.9971076316538067
1333,1343,0.9999953396943136,0.9970520571043466
1334,1344,0.9999947757905052,0.9968716380871103
1335,1345,0.9999950926028738,0.9968176758992134
1336,1346,0.9999959010094425,0.9969592208800943
1337,1347,0.9999955210828053,0.9968846406587862
1338,1348,0.9999928751101519,0.9965779007137857
1339,1349,0.9999947639765303,0.9967759909935162
1340,1350,0.9999941179706441,0.9967041740886236
1341,1351,0.9999940601859574,0.9967521198080783
1342,1352,0.999994582330121,0.9966970153702966
1343,1353,0.999993204236736,0.9966305766246565
1344,1354,0.9999943211375807,0.9973764867498895
1345,1355,0.999994730183257,0.9974815323106729
1346,1356,0.9999936979024442,0.9974507466288621
1347,1357,0.9999951279355181,0.9975596577248527
1348,1358,0.9999948688713862,0.9976463228685016
1349,1359,0.9999950736413161,0.9975911910334055
1350,1360,0.9999952478927367,0.9976236460553738
1351,1361,0.9999951656913559,0.9974393313126473
1352,1362,0.9999945354890198,0.9976168337309113
1353,1363,0.9999940736653087,0.9965235875365747
1354,1364,0.9999947143296433,0.9965085074878008
1355,1365,0.9999933090539521,0.996413345306835
1356,1366,0.9999927973430154,0.9964660407317791
1357,1367,0.9999946715316936,0.9964837358521462
1358,1368,0.9999947388188103,0.9965268143931524
1359,1369,0.999993118790228,0.9964838026581012
1360,1370,0.9999936919381717,0.9965609982423977
1361,1371,0.9999948635530524,0.9965282725039668
1362,1372,0.9999940433121471,0.9964889672483778
1363,1373,0.9999935111700514,0.996494972302698
1364,1374,0.9999929735351947,0.997544133260534
1365,1375,0.9999951169557565,0.998061803748373
1366,1376,0.9999957380685756,0.998180762161592
1367,1377,0.9999953389392456,0.998119160091903
1368,1378,0.9999951405414896,0.9980519668831178
1369,1379,0.9999960513033727,0.9980444139309568
1370,1380,0.9999957492984889,0.9981220358549622
1371,1381,0.9999956463743297,0.9981879705056904
1372,1382,0.9999952226814194,0.9981351613743544
1373,1383,0.9999943969949503,0.9982137060232257
1374,1384,0.9999959379191474,0.9981258496261826
1375,1385,0.9999951694210841,0.9982220473643348
1376,1386,0.9999950967067287,0.9980795034433719
1377,1387,0.9999952745489322,0.9979393925739012
1378,1388,0.9999947067315482,0.9978682762372553
1379,1389,0.9999942440632392,0.9979424945049554
1380,1390,0.9999949456772576,0.9973176964369971
1381,1391,0.9999951098955131,0.9976453120268713
1382,1392,0.9999936946312722,0.997673445881663
1383,1393,0.999993869935171,0.9976384016704329
1384,1394,0.9999938581454008,0.9976552359294762
1385,1395,0.9999945723938285,0.9971338117512332
1386,1396,0.9999942249376402,0.9971015273857328
1387,1397,0.9999922988856973,0.9971715982346295
1388,1398,0.9999932624112456,0.9971545305459287
1389,1399,0.9999931519329476,0.9970486790231967
1390,1400,0.9999911454032435,0.9971720293525486
1391,1401,0.9999921933128133,0.9971463435890967
1392,1402,0.9999924328056485,0.9971553085317025
1393,1403,0.9999922072149019,0.9971260226791608
1394,1404,0.9999936866193931,0.997148301713991
1395,1405,0.9999944294893166,0.9970809869145018
1396,1406,0.9999933843716725,0.9971720590188651
1397,1407,0.9999935693134184,0.9972372272094717
1398,1408,0.9999922897421837,0.9972020936582447
1399,1409,0.9999936065243363,0.9972487044200695
1400,1410,0.999993207118954,0.9971690243164796
1401,1411,0.9999938797219885,0.9976571745386484
1402,1412,0.9999927221026083,0.9970985186487584
1403,1413,0.9999944312040392,0.9970918744993448
1404,1414,0.999992978759255,0.9970833047317337
1405,1415,0.999993659808176,0.9971750135836901
1406,1416,0.9999935257705878,0.9971855019837749
1407,1417,0.9999946357039253,0.9972361809738669
1408,1418,0.9999931842027425,0.9971447091216363
1409,1419,0.9999919335193791,0.9971831880415643
1410,1420,0.9999931065967894,0.9972008942295963
1411,1421,0.999992758471806,0.9973408227614889
1412,1422,0.9999945610658562,0.9972672187758795
1413,1423,0.9999926386381889,0.9972906169202262
1414,1424,0.9999916841048383,0.9972705419097573
1415,1425,0.9999934043907193,0.9972233738366048
1416,1426,0.9999927478185475,0.9972266205340902
1417,1427,0.999993528619875,0.9971749329646068
1418,1428,0.9999932829867009,0.9973233064738165
1419,1429,0.9999928721311532,0.997148771693704
1420,1430,0.9999908328469633,0.9971063070872468
1421,1431,0.9999931165120015,0.9972023000368385
1422,1432,0.9999937987376003,0.9971432558084343
1423,1433,0.9999931007296303,0.9971819492161454
1424,1434,0.9999935739345834,0.9971677446396046
1425,1435,0.9999932651814143,0.9972304936197903
1426,1436,0.9999937330335693,0.9973140081108212
1427,1437,0.9999928865741949,0.9973488468042777
1428,1438,0.9999935006306604,0.9973534671388379
1429,1439,0.9999913558104637,0.9972466854269165
1430,1440,0.9999919366268671,0.9973439705963335
1431,1441,0.9999946322948057,0.9972503800955755
1432,1442,0.9999930141436433,0.9972868258349109
1433,1443,0.9999933270150217,0.9972288707914819
1434,1444,0.999991923073171,0.9972481589039475
1435,1445,0.9999928389202599,0.9972175296666397
1436,1446,0.999992417210922,0.9976997529786091
1437,1447,0.9999930995678021,0.9977779559707992
1438,1448,0.9999902999063541,0.9977170211797094
1439,1449,0.9999929090808695,0.9977370403606379
1440,1450,0.9999945810176338,0.9979527931680594
1441,1451,0.9999936629296357,0.9977528134593239
1442,1452,0.9999938744429242,0.9973308448572541
1443,1453,0.9999951247856083,0.9972217926334941
1444,1454,0.9999939590003591,0.9973863916976903
1445,1455,0.9999934068761069,0.997286383121891
1446,1456,0.9999947092611919,0.9971279679073003
1447,1457,0.99999330853339,0.9971229593530966
1448,1458,0.9999933618682703,0.9971444222911836
1449,1459,0.999993782853475,0.9972348050859249
1450,1460,0.9999936670472434,0.996933700625154
1451,1461,0.9999928122264624,0.9969677226259476
1452,1462,0.9999917477399938,0.9969916783368254
1453,1463,0.9999938682923126,0.9969672562712617
1454,1464,0.999992153993493,0.9969995797625314
1455,1465,0.9999924346391305,0.9970593695243902
1456,1466,0.9999942909860364,0.997039253904413
1457,1467,0.999993127604365,0.9972212845089043
1458,1468,0.9999934593709069,0.9974260303217389
1459,1469,0.9999936001992876,0.9973233916581389
1460,1470,0.9999943839493375,0.9973071230399602
1461,1471,0.9999930025875534,0.9972659796565885
1462,1472,0.9999943616161022,0.9973347226173351
1463,1473,0.9999949089056301,0.9973195455651218
1464,1474,0.9999941242440664,0.9972498981723985
1465,1475,0.9999957004112775,0.9972931509275411
1466,1476,0.9999923611719786,0.9973273576426318
1467,1477,0.9999922791800696,0.9977657369683279
1468,1478,0.9999939239155995,0.9977788317282819
1469,1479,0.9999930483760663,0.9978061702787016
1470,1480,0.9999940188087182,0.997589164796235
1471,1481,0.9999942558251526,0.9977243926820449
1472,1482,0.9999938590633188,0.9977233859044963
1473,1483,0.9999946135020237,0.9977338821819712
1474,1484,0.9999953353610583,0.997654403271988
1475,1485,0.9999936872411876,0.9979733655630998
1476,1486,0.9999953211764446,0.9977512193289918
1477,1487,0.9999931158458403,0.9978038928749983
1478,1488,0.9999945195436533,0.9978025018327492
1479,1489,0.9999927986372491,0.9980748896590177
1480,1490,0.9999930689078073,0.9979630237043114
1481,1491,0.9999939109169307,0.9983069223803159
1482,1492,0.9999930547376715,0.9980471275840526
1483,1493,0.9999931252384517,0.9981624553149562
1484,1494,0.9999927456892058,0.9980805216922611
1485,1495,0.9999933091775703,0.998135535431795
1486,1496,0.9999945633060393,0.9982642933729969
1487,1497,0.9999929313769145,0.9981782519975676
1488,1498,0.9999936900742553,0.9981405840503976
1489,1499,0.9999943480660214,0.9981836082158766
1490,1500,0.9999939765905607,0.9981168250849101
1491,1501,0.9999928694064725,0.9980693259861795
1492,1502,0.9999935451737162,0.9981265366974592
1493,1503,0.999993234315825,0.998206733384874
1494,1504,0.9999953969227988,0.9982394318455863
1495,1505,0.9999926703351018,0.9981540522851536
1496,1506,0.9999925769018174,0.9975061299293209
1497,1507,0.9999935826235619,0.9975605532678752
1498,1508,0.9999905334436366,0.9975713119039498
1499,1509,0.9999930074211967,0.9976108739036608
1500,1510,0.9999908199638158,0.9976209549538357
1501,1511,0.9999917091532414,0.9975978809368337
1502,1512,0.9999916110356826,0.9975220530938588
1503,1513,0.9999911542426503,0.9975141707354495
1504,1514,0.9999925644371772,0.9975038653441247
1505,1515,0.9999920712222364,0.9976617419476879
1506,1516,0.9999918394749121,0.9976331177154572
1507,1517,0.9999933844778299,0.9976095429038427
1508,1518,0.9999935934156899,0.9977070023863299
1509,1519,0.9999943830907247,0.9973773138670246
1510,1520,0.9999919443576403,0.9973420718315933
1511,1521,0.9999936059576332,0.9973792194459205
1512,1522,0.999992619022528,0.9973389891143243
1513,1523,0.9999944566696678,0.9973305605001365
1514,1524,0.9999940519174535,0.9974430832909332
1515,1525,0.9999926526515455,0.9974184126898442
1516,1526,0.9999910336565262,0.9974121239669338
1517,1527,0.9999931931950408,0.9974864752640876
1518,1528,0.999993291005612,0.9975208782554481
1519,1529,0.9999938125933168,0.997500875587826
1520,1530,0.9999940021117188,0.9973654230605123
1521,1531,0.9999940154373087,0.9974018577187859
1522,1532,0.999993055295071,0.9973100786930413
1523,1533,0.9999905666861123,0.9973929995591913
1524,1534,0.9999909429920355,0.9974917446947799
1525,1535,0.9999916783718213,0.9976073973084849
1526,1536,0.9999938731571895,0.9975764882959436
1527,1537,0.9999927695304138,0.9975205165378792
1528,1538,0.9999910705015033,0.9974868739704531
1529,1539,0.9999906103443285,0.9976075377226485
1530,1540,0.9999946111176876,0.9975289084083453
1531,1541,0.9999915087379775,0.9975689073362688
1532,1542,0.9999912411809506,0.9973837147758077
1533,1543,0.9999921340681508,0.9975316495705353
1534,1544,0.9999919593165508,0.9974865016605549
1535,1545,0.9999929746772769,0.9974913297128424
1536,1546,0.9999921359262821,0.9975816743311647
1537,1547,0.9999929555718229,0.9973863861828011
1538,1548,0.9999921063335633,0.9972949402387367
1539,1549,0.9999922026239491,0.9973125467805445
1540,1550,0.9999921546060649,0.9973403855294898
1541,1551,0.9999918787769358,0.997388313440458
1542,1552,0.9999915598588329,0.9975292261582633
1543,1553,0.9999924889503087,0.9974777509604824
1544,1554,0.9999911862869918,0.9975309895292012
1545,1555,0.9999918935154577,0.997573011094093
1546,1556,0.9999917760247374,0.9976894227970944
1547,1557,0.9999922273664148,0.9975207157448364
1548,1558,0.9999900717211886,0.9974284914254862
1549,1559,0.9999922987308866,0.9976179791538516
1550,1560,0.9999935267805709,0.9975241275986645
1551,1561,0.9999923358785148,0.9975221068656206
1552,1562,0.9999920471526453,0.9975674290642224
1553,1563,0.9999912070318889,0.9973489781347044
1554,1564,0.9999894419928287,0.9970498017804336
1555,1565,0.9999927533741662,0.9971243209832036
1556,1566,0.9999907051997522,0.997082473172796
1557,1567,0.9999928139650842,0.9970044327124199
1558,1568,0.9999909812144901,0.9969522906065474
1559,1569,0.9999916870792201,0.9970227548385886
1560,1570,0.9999916379074376,0.9969931665860455
1561,1571,0.9999933396958739,0.9981303980314187
1562,1572,0.9999930060430569,0.9981290901229365
1563,1573,0.9999932447048875,0.9982018572786217
1564,1574,0.9999923177635339,0.9980886182562189
1565,1575,0.9999918294048156,0.998146291824622
1566,1576,0.9999930896446783,0.9981081250835627
1567,1577,0.9999931825160615,0.998127541778534
1568,1578,0.9999919904326743,0.9980765109022511
1569,1579,0.9999934700279717,0.9980783873268005
1570,1580,0.9999911857528624,0.9981026162915472
1571,1581,0.9999913786408836,0.9980797231520676
1572,1582,0.9999926158035448,0.9980571558764497
1573,1583,0.9999927085312217,0.9981640397205932
1574,1584,0.9999934253579076,0.9981241619755252
1575,1585,0.9999929137859469,0.9981630788196311
1576,1586,0.9999897128495887,0.998154175848257
1577,1587,0.9999897368782129,0.9981785910895032
1578,1588,0.9999915840035194,0.9982079158472953
1579,1589,0.9999903980156482,0.9981966613854589
1580,1590,0.9999912102071657,0.9982485107852129
1581,1591,0.9999923514215164,0.9983014072737595
1582,1592,0.9999915586852932,0.9981451091399105
1583,1593,0.9999899645581215,0.9981600049605944
1584,1594,0.9999907483218823,0.9984207674904461
1585,1595,0.9999900186739977,0.9982762121641677
1586,1596,0.999991033123898,0.9979102781829223
1587,1597,0.9999919915469774,0.9979535668016627
1588,1598,0.9999911778579433,0.9978762345487355
1589,1599,0.9999884577099372,0.997802019817136
1590,1600,0.9999915302480609,0.9979766594970163
1591,1601,0.9999912448834597,0.9979202485798382
1592,1602,0.9999913256779951,0.9978631379053533
1593,1603,0.9999933602711087,0.9979430321256697
1594,1604,0.9999913698955969,0.9978503413382821
1595,1605,0.9999891426254929,0.9978647347888413
1596,1606,0.9999918032546766,0.9978667676015559
1597,1607,0.9999922661579789,0.9978499971019898
1598,1608,0.9999909236960851,0.9976466835867652
1599,1609,0.9999910212291695,0.9976946484527459
1600,1610,0.9999914463290343,0.9975911435740368
1601,1611,0.9999913551321925,0.9977845122431542
1602,1612,0.9999913566868881,0.9978513015767871
1603,1613,0.999992871260221,0.997795974701352
1604,1614,0.9999913400561179,0.9978232270379672
1605,1615,0.999989207150899,0.9974785076312755
1606,1616,0.9999903389271754,0.9975111378010328
1607,1617,0.9999910969604558,0.9973689814288841
1608,1618,0.9999906172969427,0.9975865124843528
1609,1619,0.999992215334661,0.9975901492171736
1610,1620,0.99998798984027,0.9976051725980597
1611,1621,0.9999902967228477,0.9975228760300542
1612,1622,0.999989360699777,0.997595479355252
1613,1623,0.9999906681314514,0.9975623243092773
1614,1624,0.9999908313069247,0.9981683965279099
1615,1625,0.9999910342663821,0.9980625205591682
1616,1626,0.9999923663952089,0.9980853557299694
1617,1627,0.9999909626283419,0.997591108034729
1618,1628,0.9999915619127424,0.9976179770327516
1619,1629,0.9999918827963625,0.9976004311943092
1620,1630,0.9999939585213905,0.9975056274332874
1621,1631,0.9999928895977559,0.9975975399043949
1622,1632,0.9999914128018427,0.9975470239985138
1623,1633,0.9999930945233677,0.9981615776711508
1624,1634,0.9999951678772561,0.9981794695648102
1625,1635,0.9999933940061827,0.9981694451830059
1626,1636,0.9999924716384416,0.9984181141252141
1627,1637,0.9999930092535272,0.9984107507482696
1628,1638,0.9999925028915304,0.9983968616869894
1629,1639,0.9999932387228851,0.998182170906912
1630,1640,0.9999928205995579,0.9981124616286583
1631,1641,0.9999931205407734,0.9982004499984467
1632,1642,0.9999927246330774,0.9984310789699931
1633,1643,0.9999929382209339,0.9984064857427436
1634,1644,0.9999916894757532,0.9981929340293137
1635,1645,0.9999913946502895,0.9984059599824624
1636,1646,0.9999930404078494,0.9983419742626202
1637,1647,0.9999919108650944,0.9984493491887828
1638,1648,0.9999935061370745,0.9984678777413422
1639,1649,0.9999925054411368,0.9980333645764341
1640,1650,0.9999937523546041,0.9979193834452903
1641,1651,0.9999934636869465,0.9980620932848279
1642,1652,0.9999925034267881,0.998053999429289
1643,1653,0.999991691827004,0.9979963328774246
1644,1654,0.9999933554243835,0.9982731673002725
1645,1655,0.999992715220974,0.9978147685061514
1646,1656,0.9999911056574612,0.997891912619736
1647,1657,0.9999945497750312,0.9982952502492525
1648,1658,0.9999933192881615,0.9982583142072267
1649,1659,0.9999920913892895,0.9981985818401763
1650,1660,0.9999898766456708,0.9979150480708191
1651,1661,0.9999895060844487,0.9979934245902706
1652,1662,0.9999899216063944,0.9979132174243072
1653,1663,0.9999913071860229,0.9978860971816963
1654,1664,0.9999902306339139,0.9977695574573119
1655,1665,0.9999902899864272,0.9978182267583456
1656,1666,0.9999911413208417,0.9978487441472573
1657,1667,0.9999899203686433,0.9981677397465759
1658,1668,0.999991483762331,0.9981505605043689
1659,1669,0.9999901591677729,0.9982157372085684
1660,1670,0.9999918652490049,0.9979693819324198
1661,1671,0.9999927098759909,0.9980230355423598
1662,1672,0.9999916799351753,0.9982911917089502
1663,1673,0.9999901704073592,0.9979457017946247
1664,1674,0.9999901167650319,0.99783674373528
1665,1675,0.999991253768126,0.997993689522301
1666,1676,0.9999911356786334,0.9979761275979541
1667,1677,0.999990071668281,0.9979389871616379
1668,1678,0.9999906053183613,0.9978623409423842
1669,1679,0.9999901492364849,0.9978551333773097
1670,1680,0.9999925485196147,0.9981827043931535
1671,1681,0.9999919922752287,0.9979518066327477
1672,1682,0.9999911733284126,0.9980016099535552
1673,1683,0.9999901063577079,0.9979245515260241
1674,1684,0.9999898834705325,0.9979515534970018
1675,1685,0.9999937216136274,0.9979667602342102
1676,1686,0.9999910842523789,0.9978926997175009
1677,1687,0.9999901428872721,0.9979661531460472
1678,1688,0.9999925666219017,0.9979197283474603
1679,1689,0.9999895103756752,0.9979747457875198
1680,1690,0.9999920676803394,0.9979310223106561
1681,1691,0.9999930483266591,0.9979774594743592
1682,1692,0.9999915926939966,0.9979922212091966
1683,1693,0.9999899067113767,0.9979768475391038
1684,1694,0.9999911893853201,0.9979377346138003
1685,1695,0.9999901072856007,0.9979476574470596
1686,1696,0.9999906769431199,0.9981992882880749
1687,1697,0.9999912556607764,0.998241276207905
1688,1698,0.9999925127772357,0.9977309651093447
1689,1699,0.999992443951508,0.9977277590885044
1690,1700,0.9999926875813223,0.9976610863094123
1691,1701,0.9999917116530234,0.9980555472577711
1692,1702,0.9999916590040981,0.9980302574560594
1693,1703,0.9999919898799791,0.9979868805824186
1694,1704,0.9999919719525622,0.998003058591162
1695,1705,0.9999921009477573,0.9979704180324324
1696,1706,0.9999921568064968,0.9980563154063788
1697,1707,0.9999915571542293,0.9978790709182318
1698,1708,0.9999923639862515,0.9978813448689823
1699,1709,0.9999930087089264,0.9980070132549822
1700,1710,0.9999934844961419,0.9980289838824662
1701,1711,0.9999938320190065,0.9979844179876552
1702,1712,0.9999927772957644,0.9979455307232767
1703,1713,0.999993707883478,0.9977817211438713
1704,1714,0.999991936004794,0.9977788063713611
1705,1715,0.999990803383725,0.9976746474758299
1706,1716,0.9999918402677925,0.9977443245480303
1707,1717,0.9999926533448736,0.9978115257743275
1708,1718,0.9999926480793626,0.9976563354191645
1709,1719,0.9999895980834124,0.9976472599637554
1710,1720,0.9999914431658313,0.9976136148116684
1711,1721,0.9999909326523438,0.9978023375680943
1712,1722,0.9999923813514481,0.997726821110247
1713,1723,0.9999927152445285,0.9975355531580006
1714,1724,0.9999929848070386,0.9974465434853669
1715,1725,0.9999928911368694,0.9974572218244794
1716,1726,0.9999912286463752,0.997451659007479
1717,1727,0.9999915386240487,0.9973870816283353
1718,1728,0.9999932560507876,0.9974473511897324
1719,1729,0.9999921531955163,0.9974492712439029
1720,1730,0.9999910244774726,0.9974206210702115
1721,1731,0.999992692763755,0.9977984192037251
1722,1732,0.9999930821900112,0.9977995495353442
1723,1733,0.9999912250243003,0.9978057943815086
1724,1734,0.9999925292537999,0.9972940510471869
1725,1735,0.9999921541139689,0.9973765884955632
1726,1736,0.9999923373366842,0.997594126891409
1727,1737,0.9999910092338574,0.9977254775603394
1728,1738,0.9999914515275794,0.9973095378418261
1729,1739,0.9999912482972317,0.9977016597016479
1730,1740,0.9999922334773937,0.997704291883765
1731,1741,0.9999931297888707,0.997659169170033
1732,1742,0.9999929304600664,0.9976375886189723
1733,1743,0.9999918938121415,0.9976696668625108
1734,1744,0.9999917025591685,0.9976544869686708
1735,1745,0.9999909317077273,0.9976660999251081
1736,1746,0.9999918732954746,0.9976786159837204
1737,1747,0.9999924684753015,0.9977711009261886
1738,1748,0.9999928097114121,0.9976555664456914
1739,1749,0.9999907023159439,0.9976653643226211
1740,1750,0.9999919297368671,0.9976674143751662
1741,1751,0.9999911145626289,0.9977262720450297
1742,1752,0.9999914046189167,0.9977238713616046
1743,1753,0.9999910027210042,0.997638398210388
1744,1754,0.9999925213791312,0.9976640240210887
1745,1755,0.9999909893257587,0.9976498318394321
1746,1756,0.9999923150503278,0.9976506769528269
1747,1757,0.9999899994683545,0.9974130977110477
1748,1758,0.9999910609415706,0.9975065507717545
1749,1759,0.9999909635519683,0.9977545946465162
1750,1760,0.9999916325006976,0.9977448426251656
1751,1761,0.9999916925208501,0.9977622356611051
1752,1762,0.9999908071437552,0.9979343494896761
1753,1763,0.9999902881448716,0.9977476780561124
1754,1764,0.9999927107274462,0.9979057524431284
1755,1765,0.999991939199672,0.9981914846572978
1756,1766,0.9999930405388674,0.9982288274273888
1757,1767,0.9999909059139915,0.9981175447153342
1758,1768,0.9999914643865252,0.9978704097444959
1759,1769,0.9999927650979274,0.9977949761984116
1760,1770,0.9999924969362287,0.9983529423467212
1761,1771,0.9999924304425185,0.9983806841756877
1762,1772,0.9999915279310505,0.997808070808786
1763,1773,0.9999925516052448,0.9978455205690865
1764,1774,0.9999923869913032,0.9978908493219031
1765,1775,0.9999918159495864,0.9982804072740696
1766,1776,0.9999915977100745,0.9983995835824907
1767,1777,0.9999907200847367,0.9984482657230396
1768,1778,0.9999927957784505,0.9984002435363319
1769,1779,0.9999926486571081,0.9984702072339909
1770,1780,0.9999922956852492,0.9983227742330149
1771,1781,0.9999896427685006,0.9979632193507091
1772,1782,0.9999900091260588,0.9979682193063446
1773,1783,0.9999893020238825,0.9980149042302783
1774,1784,0.9999911256757491,0.99808602482633
1775,1785,0.9999917294292391,0.9981067803107497
1776,1786,0.999989941833735,0.9981158883773794
1777,1787,0.9999909261260858,0.9981045390003098
1778,1788,0.9999893056791799,0.9980713296625244
1779,1789,0.9999910618245648,0.998061773243017
1780,1790,0.9999920706896626,0.9979302499304347
1781,1791,0.9999923386008804,0.9979544212164029
1782,1792,0.9999897609796238,0.998311894638653
1783,1793,0.9999932688783296,0.9983397686191001
1784,1794,0.9999931970501518,0.9984006942789984
1785,1795,0.9999917362810672,0.998241001665551
1786,1796,0.9999931276320554,0.9979543782544277
1787,1797,0.9999926653302854,0.9979337369684602
1788,1798,0.9999916935599079,0.9982311702610529
1789,1799,0.9999913293236884,0.9982428267062947
1790,1800,0.9999924536843028,0.9984187592833363
1791,1801,0.999991099541327,0.9982244002482057
1792,1802,0.9999894552111233,0.9982029494485769
1793,1803,0.9999904548602664,0.9979579544792222
1794,1804,0.9999920569784843,0.9981073495562561
1795,1805,0.9999896567883446,0.9981297333494628
1796,1806,0.999988436565642,0.9981534361668923
1797,1807,0.9999896374637913,0.998139859656736
1798,1808,0.9999907513615908,0.9981935632960545
1799,1809,0.9999924061729367,0.9982391993829045
1800,1810,0.999989707385336,0.9981037937784315
1801,1811,0.9999908160146482,0.9981437401269955
1802,1812,0.9999912331930783,0.9982647693505513
1803,1813,0.9999914466530141,0.9980751844628974
1804,1814,0.9999907873563582,0.9980755256898435
1805,1815,0.9999904711746601,0.9980261780440735
1806,1816,0.9999915400644417,0.9980190686316427
1807,1817,0.9999892359469158,0.997902922194572
1808,1818,0.9999891971018919,0.9979213548602921
1809,1819,0.9999897993368654,0.9979676637218389
1810,1820,0.9999896463100829,0.9980381082166808
1811,1821,0.9999885346850229,0.9980393900434171
1812,1822,0.9999921417382862,0.9980518805323357
1813,1823,0.9999904266203392,0.9981838783454944
1814,1824,0.9999900959802587,0.9982083439029149
1815,1825,0.9999901279290222,0.9981859238306301
1816,1826,0.9999915416735099,0.9981804328413283
1817,1827,0.9999893756135542,0.9982052960691251
1818,1828,0.9999892999725023,0.9981866038380744
1819,1829,0.9999887289221213,0.9980201444780944
1820,1830,0.9999913379552051,0.9980980445250359
1821,1831,0.9999900467434254,0.9979803906925309
1822,1832,0.9999898064940288,0.9981245456905269
1823,1833,0.9999898151279984,0.9980156120147847
1824,1834,0.9999873983850154,0.9980954158034714
1825,1835,0.999991738851786,0.9981304136402168
1826,1836,0.999989643399431,0.9981352144649229
1827,1837,0.9999891351331133,0.9980630270114355
1828,1838,0.999989733502338,0.9981462111905737
1829,1839,0.9999890083008104,0.9981453081401325
1830,1840,0.9999851583901435,0.9981929243163854
1831,1841,0.9999880686346209,0.9979546994565741
1832,1842,0.9999910847494079,0.997989957129389
1833,1843,0.9999906015145892,0.9979636190333868
1834,1844,0.9999907069488155,0.9979167285833506
1835,1845,0.9999912969751618,0.997878243823906
1836,1846,0.9999896206065279,0.9979265555144775
1837,1847,0.9999897396738006,0.998228684961437
1838,1848,0.999992624899495,0.9982562996024898
1839,1849,0.99999201511805,0.9981707626874388
1840,1850,0.999991743924857,0.9982011835353662
1841,1851,0.9999905136530386,0.9981669105502162
1842,1852,0.999990677920383,0.9982062876516586
1843,1853,0.9999917352366711,0.9982202596610825
1844,1854,0.9999900973979341,0.9982042065925671
1845,1855,0.9999932218850834,0.9981293899694327
1846,1856,0.9999912899668755,0.9980964006069588
1847,1857,0.9999900356487377,0.9981131982129211
1848,1858,0.9999914206477952,0.9981292866464394
1849,1859,0.9999896612772695,0.9981409223501294
1850,1860,0.9999912929035951,0.998168766951871
1851,1861,0.9999919233440885,0.9982070739384231
1852,1862,0.9999911160093898,0.9982666395912595
1853,1863,0.9999904082912909,0.9982903776567614
1854,1864,0.999989887795465,0.9982992161041069
1855,1865,0.9999898877498977,0.998192950739384
1856,1866,0.9999919912984538,0.9981261751908284
1857,1867,0.9999892950277921,0.9981235681291311
1858,1868,0.9999902180610115,0.9983685849550898
1859,1869,0.9999896530589308,0.9981843836919743
1860,1870,0.9999896695120181,0.9982191753141768
1861,1871,0.9999894375986275,0.9981781729702237
1862,1872,0.9999912077375551,0.9979902044698817
1863,1873,0.9999911852476059,0.9982120819604829
1864,1874,0.9999917443499969,0.9983342220465348
1865,1875,0.9999903189611948,0.9983722097880129
1866,1876,0.9999928411613823,0.9983232097032965
1867,1877,0.9999902433963861,0.9983458523885351
1868,1878,0.9999915066459222,0.998324797154397
1869,1879,0.9999899153513242,0.9983578037834558
1870,1880,0.9999903905039511,0.9983769410617258
1871,1881,0.9999903676897596,0.9983882723777225
1872,1882,0.9999925033955115,0.9983798877875733
1873,1883,0.9999899878299294,0.9981713192316066
1874,1884,0.9999911789062585,0.9981207741458346
1875,1885,0.9999908128825556,0.9980735282419633
1876,1886,0.9999920808155165,0.9981254349821256
1877,1887,0.9999922150664676,0.9981077151874879
1878,1888,0.9999919097734126,0.9981170765733517
1879,1889,0.999988384613332,0.9980682003984255
1880,1890,0.9999912716682098,0.9981375619351044
1881,1891,0.9999900723299301,0.9981444008295113
1882,1892,0.999991081690152,0.9981280021024045
1883,1893,0.9999918293926141,0.9981245455352127
1884,1894,0.9999930798761599,0.9984578914608874
1885,1895,0.99998884118456,0.9981281355513677
1886,1896,0.9999884186785256,0.9982596445305908
1887,1897,0.9999893817206219,0.9982652085405422
1888,1898,0.9999902510910019,0.9983253366604413
1889,1899,0.9999887941228447,0.998054916648085
1890,1900,0.9999876986472164,0.9979389339348815
1891,1901,0.9999896365880774,0.9979457182563032
1892,1902,0.9999901879899912,0.9979925165793014
1893,1903,0.9999916737953868,0.9980124336256475
1894,1904,0.9999903563413056,0.9979936364402641
1895,1905,0.9999878669337705,0.9980141296573256
1896,1906,0.9999906102543772,0.9980319506694174
1897,1907,0.9999901530369334,0.9980775718690837
1898,1908,0.9999911674460252,0.9981216844955386
1899,1909,0.9999908223659763,0.9981656986743042
1900,1910,0.9999912048472669,0.9981215137831712
1901,1911,0.9999906523550944,0.9981630666314307
1902,1912,0.9999905900507772,0.9981033533419694
1903,1913,0.9999898289619906,0.9981524677531151
1904,1914,0.9999901714441097,0.9981675504798566
1905,1915,0.9999912157121351,0.998011764836571
1906,1916,0.9999889782579691,0.9980966569173823
1907,1917,0.9999894334321845,0.998248127569699
1908,1918,0.9999906065922115,0.9981410652487008
1909,1919,0.9999907087384259,0.9980569561629442
1910,1920,0.9999920551004949,0.9980368253450888
1911,1921,0.9999901180508247,0.9980872680405726
1912,1922,0.9999911564831913,0.9979804837482252
1913,1923,0.9999918430670275,0.998050998167676
1914,1924,0.9999920240455784,0.9981245188452863
1915,1925,0.9999897346374104,0.9980344388185044
1916,1926,0.9999881695791768,0.9981418609387098
1917,1927,0.9999907769331057,0.9980529187362532
1918,1928,0.9999903175077235,0.9980701997845419
1919,1929,0.9999903638422414,0.9984212126844464
1920,1930,0.9999909365494843,0.998519915578491
1921,1931,0.9999918091485851,0.9984304326325572
1922,1932,0.9999915697644344,0.9984421473242411
1923,1933,0.9999925282896482,0.9983791591498851
1924,1934,0.9999910030498026,0.9984609217661714
