index,train_scores
0,
1,0.9999999999889303
2,0.9999999999902283
3,0.9999999999970126
4,0.999999999999573
5,0.999999999999626
6,0.9999999999997129
7,0.999999999999722
8,0.9999999999997159
9,0.9999999999996918
10,0.9999999999997486
11,0.9999999999997479
12,0.9999999999997878
13,0.9999999999997777
14,0.9999999999997812
15,0.9999999999996406
16,0.9999999999996952
17,0.9999999999998371
18,0.9999999999997872
19,0.9999999999997883
20,0.999999999999823
21,0.9999999999998054
22,0.9999999999998197
23,0.9999999999998014
24,0.9999999999998069
25,0.999999999999822
26,0.9999999999998646
27,0.9999999999998174
28,0.999999999999827
29,0.9999999999998287
30,0.9999999999998463
31,0.9999999999998499
32,0.9999999999997882
33,0.9999999999998339
34,0.9999999999998348
35,0.9999999999998195
36,0.9999999999998122
37,0.999999999999827
38,0.9999999999997818
39,0.9999999999998654
40,0.9999999999998678
41,0.9999999999998488
42,0.9999999999998002
43,0.9999999999998229
44,0.9999999999997629
45,0.9999999999998642
46,0.9999999999997355
47,0.9999999999998885
48,0.9999999999998258
49,0.9999999999998466
50,0.9999999999998215
51,0.9999999999997031
52,0.9999999999997996
53,0.9999999999998774
54,0.9999999999998408
55,0.9999999999998541
56,0.999999999999801
57,0.9999999999995327
58,0.9999999999976413
59,0.9999999999996143
60,0.9999999999995925
61,0.999999999999597
62,0.9999999999998116
63,0.9999999999992497
64,0.9999999999994112
65,0.999999999994645
66,0.9999999999996044
67,0.9999999999997714
68,0.9999999999925853
69,0.9999999999971213
70,0.9999999999987015
71,0.999999999996672
72,0.9999999999810061
73,0.9999999999972983
74,0.9999999999976839
75,0.9999999999936388
76,0.9999999999798516
77,0.9999999999945375
78,0.9999999999920659
79,0.9999999999775718
80,0.9999999999786481
81,0.9999999999908883
82,0.9999999999877656
83,0.9999999999869833
84,0.9999999999917641
85,0.9999999999100752
86,0.9999999999731224
87,0.9999999999273016
88,0.9999999999699004
89,0.9999999999714008
90,0.9999999999467145
91,0.9999999999309015
92,0.9999999999641652
93,0.9999999999420072
94,0.999999999908779
95,0.99999999998294
96,0.9999999999692479
97,0.9999999999457124
98,0.9999999997893151
99,0.9999999999107452
100,0.9999999999388387
101,0.9999999998772949
102,0.9999999998332284
103,0.9999999999703247
104,0.9999999999191678
105,0.9999999994809134
106,0.9999999998559815
107,0.999999999829696
108,0.9999999999400189
109,0.9999999999430834
110,0.9999999997906092
111,0.9999999998476576
112,0.9999999999255951
113,0.9999999999126963
114,0.9999999991491244
115,0.9999999997706963
116,0.9999999997882781
117,0.9999999987823676
118,0.9999999994252438
119,0.9999999992614729
120,0.9999999986548426
121,0.9999999992893668
122,0.9999999993104938
123,0.9999999997405827
124,0.9999999994171284
125,0.9999999990097378
126,0.9999999991090474
127,0.9999999994107308
128,0.9999999996550427
129,0.9999999975357975
130,0.9999999991028833
131,0.9999999975954011
132,0.999999999651862
133,0.9999999987128168
134,0.9999999995289341
135,0.9999999996600173
136,0.9999999986651288
137,0.9999999989122967
138,0.9999999986814331
139,0.9999999994628365
140,0.9999999966195062
141,0.9999999967114881
142,0.9999999983019431
143,0.9999999990561256
144,0.9999999969948988
145,0.999999998785982
146,0.9999999966298238
147,0.9999999960755661
148,0.99999999862799
149,0.9999999970763802
150,0.9999999994233497
151,0.9999999983479106
152,0.9999999971405265
153,0.9999999962729752
154,0.9999999962248338
155,0.9999999961038081
156,0.9999999953231669
157,0.9999999980796104
158,0.9999999960034687
159,0.9999999960141004
160,0.9999999970828133
161,0.9999999951001853
162,0.9999999935767243
163,0.9999999845066351
164,0.9999999956494716
165,0.9999999901283226
166,0.9999999917090758
167,0.9999999792136144
168,0.9999999908942158
169,0.9999999921214275
170,0.9999999941035691
171,0.9999999970648303
172,0.9999999948289328
173,0.9999999846449458
174,0.9999999893394185
175,0.9999999902267728
176,0.999999969543758
177,0.9999999864719497
178,0.9999998807237568
179,0.9999999741603718
180,0.9999999634285834
181,0.9999999837569543
182,0.999999969901644
183,0.9999999888825949
184,0.9999999723774311
185,0.9999999158861725
186,0.9999999855812081
187,0.999999923422865
188,0.9999999677501821
189,0.9999999018235538
190,0.9999999434101149
191,0.999999962129477
192,0.999999958469328
193,0.999999985335823
194,0.9999999441825246
195,0.9999999196316082
196,0.9999998699903456
197,0.9999999155620237
198,0.9999999496595336
199,0.999999870408129
200,0.9999999549439306
201,0.9999998608764368
202,0.9999998457455208
203,0.9999999653466803
204,0.9999999649703045
205,0.9999999422183966
206,0.9999999194374509
207,0.9999999254926568
208,0.9999999074602531
209,0.999999852945541
210,0.9999998902842729
211,0.9999997448934487
212,0.9999999094631176
213,0.9999998821739455
214,0.9999999167270435
215,0.9999998105355359
216,0.9999997956310201
217,0.9999998159906498
218,0.99999977723329
219,0.9999998690235173
220,0.9999999279397775
221,0.9999998009755203
222,0.999999671172357
223,0.9999998849860148
224,0.9999998476775781
225,0.9999997814356265
226,0.9999998441948679
227,0.9999996548311519
228,0.9999997421075295
229,0.9999997497673152
230,0.9999998099730203
231,0.9999998036740548
232,0.9999993402207045
233,0.9999998663800339
234,0.9999996625369086
235,0.9999996290397896
236,0.9999997223085867
237,0.9999997706770777
238,0.999999711429928
239,0.9999996169531534
240,0.9999997637554688
241,0.9999995520800393
242,0.9999985562411214
243,0.9999996253624174
244,0.9999995832002216
245,0.99999919787966
246,0.9999994826662111
247,0.9999992304517892
248,0.9999991848897475
249,0.9999995366865351
250,0.999999716415411
251,0.9999995682735864
252,0.9999994979657426
253,0.9999994091862132
254,0.9999993077244471
255,0.9999995162171913
256,0.9999992789187376
257,0.999999390455896
258,0.9999993450924123
259,0.9999992608524076
260,0.9999991610107821
261,0.9999989665216814
262,0.9999983527446479
263,0.99999848691852
264,0.9999989411937039
265,0.9999994621420405
266,0.9999991123495321
267,0.9999988426513735
268,0.9999977483016471
269,0.9999991866051816
270,0.9999994662564254
271,0.9999995538947987
272,0.9999987355750469
273,0.9999989905997736
274,0.9999992555577174
275,0.9999995681121896
276,0.9999988810710675
277,0.9999988226389647
278,0.9999987875105836
279,0.99999901576864
280,0.9999989771495278
281,0.9999991267772785
282,0.999998689131056
283,0.9999995660844792
284,0.9999988148790283
285,0.9999990830344117
286,0.9999986974493392
287,0.9999989952607697
288,0.9999988502664786
289,0.9999984018866654
290,0.9999981955643558
291,0.9999987018018307
292,0.9999981750977264
293,0.9999985853813225
294,0.9999971164466601
295,0.9999986537742476
296,0.999997780014813
297,0.9999968688435122
298,0.9999984714377709
299,0.9999988232564951
300,0.9999986803651162
301,0.9999948848589015
302,0.9999988839049987
303,0.9999976407413858
304,0.9999980894517811
305,0.9999986590975377
306,0.9999976992849913
307,0.9999972661716016
308,0.9999986829742199
309,0.9999979372731396
310,0.9999971278260671
311,0.9999979027354902
312,0.9999984392376153
313,0.9999930724964426
314,0.9999977153457557
315,0.9999987090303633
316,0.9999976571374865
317,0.9999975805447475
318,0.9999979930886244
319,0.999998781978285
320,0.9999980179598058
321,0.9999978414949908
322,0.9999979606492527
323,0.9999985455057963
324,0.999998193650568
325,0.9999969437525461
326,0.9999972718987719
327,0.9999968310759358
328,0.9999970376462056
329,0.9999965824511579
330,0.9999983196113439
331,0.9999979353470881
332,0.9999932132280632
333,0.9999968735774392
334,0.9999940761894648
335,0.9999966884893571
336,0.9999973133493298
337,0.9999953066854298
338,0.9999946510778039
339,0.9999965665538302
340,0.9999974983396133
341,0.9999944453216341
342,0.9999967109448165
343,0.9999974006067023
344,0.9999901400536846
345,0.9999975170099974
346,0.9999972930295976
347,0.9999944043718366
348,0.9999973934254845
349,0.9999982948205862
350,0.999997557035308
351,0.999993053577984
352,0.9999972785537882
353,0.9999941629959695
354,0.9999962076688031
355,0.9999961675673746
356,0.9999922786416684
357,0.9999973425856477
358,0.9999965158320537
359,0.9999970048832935
360,0.9999971360369121
361,0.9999957086839975
362,0.999996481693069
363,0.9999961903864858
364,0.9999968650016665
365,0.9999937846393318
366,0.9999973392506964
367,0.9999946776899397
368,0.9999941905337496
369,0.9999959603591838
370,0.999994778964954
371,0.999988587225816
372,0.9999970126727294
373,0.9999963984822895
374,0.9999964707187213
375,0.9999958076409735
376,0.9999970260640075
377,0.9999963327333586
378,0.9999933811223719
379,0.9999955820085163
380,0.9999940114709776
381,0.9999957847138988
382,0.9999951950615086
383,0.9999950649015877
384,0.999994291165751
385,0.9999976447501772
386,0.9999953665554685
387,0.9999899922567392
388,0.9999928149568189
389,0.9999954663640355
390,0.999992221106134
391,0.9999924303990114
392,0.9999896865789705
393,0.9999916296876218
394,0.9999874031806981
395,0.9999952727046624
396,0.9999932519052189
397,0.9999933146213997
398,0.9999920404990178
399,0.9999912846143691
400,0.9999935259442466
401,0.9999917852397359
402,0.9999905521686002
403,0.9999898791015075
404,0.9999931617877931
405,0.9999957348870321
406,0.9999901725774113
407,0.9999893482978761
408,0.9999903917693176
409,0.9999917988246553
410,0.9999905575930247
411,0.9999865824159166
412,0.9999892783747554
413,0.9999923363605357
414,0.9999866541574658
415,0.9999932867572153
416,0.9999870040527066
417,0.9999895145335724
418,0.9999917659826297
419,0.9999929377919908
420,0.9999913075887649
421,0.9999895733020363
422,0.9999877091997813
423,0.9999940439516981
424,0.9999883508587326
425,0.9999929437075467
426,0.9999885052544587
427,0.9999903238176246
428,0.9999910431822532
429,0.9999857215145407
430,0.9999844001557265
431,0.9999907390380428
432,0.9999895778616392
433,0.9999867816198266
434,0.9999835173480971
435,0.9999856157203018
436,0.9999884059916491
437,0.9999872665404754
438,0.9999913591798584
439,0.9999890250988492
440,0.9999916842080139
441,0.9999905746869772
442,0.9999881304665716
443,0.9999890680153922
444,0.9999848841352039
445,0.9999908815674149
446,0.9999885031242488
447,0.9999893488402485
448,0.999976099826072
449,0.9999772283798236
450,0.9999884846687986
451,0.9999873254536037
452,0.9999888165018751
453,0.9999882739610944
454,0.9999893975255784
455,0.9999752221860689
456,0.9999845277316536
457,0.9999791640899843
458,0.9999821560907642
459,0.9999765718203989
460,0.9999826733469793
461,0.9999764983493244
462,0.9999812463716375
463,0.9999841211299968
464,0.9999710375998989
465,0.9999829857911704
466,0.9999747196460343
467,0.9999868820590583
468,0.9999757664269177
469,0.9999841707203851
470,0.9999893019791867
471,0.9999899207386627
472,0.9999817386855101
473,0.9999858887385676
474,0.9999729676568584
475,0.9999830649457981
476,0.9999741232457636
477,0.9999791560420782
478,0.9999766720858981
479,0.9999781905829755
480,0.9999738837394561
481,0.9999798485422032
482,0.9999744811254757
483,0.9999699075637453
484,0.9999748791530613
485,0.9999757421740404
486,0.9999814093107932
487,0.9999789610228534
488,0.9999649730095584
489,0.99997863223431
490,0.9999793900185417
491,0.9999657837483281
492,0.9999828445823674
493,0.9999758229116883
494,0.9999757027790837
495,0.9999583280006545
496,0.9999614467553275
497,0.9999677243619214
498,0.9999713705423995
499,0.9999734608532059
500,0.9999690524795096
501,0.9999731396745067
502,0.9999702637963381
503,0.9999679114351837
504,0.9999771814277906
505,0.999975108848518
506,0.999965105910313
507,0.9999751835873654
508,0.9999756108701401
509,0.9999730738095226
510,0.9999516386439202
511,0.999972525370595
512,0.9999582349227006
513,0.999940734171404
514,0.9999557927047321
515,0.9999781456194272
516,0.9999717057766547
517,0.9999633838824896
518,0.9999676795616081
519,0.9999653973606
520,0.999982492472539
521,0.9999612634723938
522,0.9999663698973096
523,0.9999777264751379
524,0.999966099225355
525,0.9999587662647422
526,0.9999735957910005
527,0.9999631607693221
528,0.999975173065765
529,0.9999644888554668
530,0.9999584750199852
531,0.9999617432564504
532,0.9999683882829382
533,0.9999647768148361
534,0.9999522933152197
535,0.9999655718538192
536,0.9999569882132759
537,0.9999464627852124
538,0.9999587954797539
539,0.9999725598026996
540,0.9999674795530038
541,0.9999680509645279
542,0.9999725042010298
543,0.9999602212864401
544,0.9999643551229691
545,0.9999488615665141
546,0.9999509664105191
547,0.9999502251717446
548,0.9999744141952982
549,0.9999711738653656
550,0.9999616376031111
551,0.9999678651280496
552,0.9999518375177767
553,0.9999577938932437
554,0.9999550411074074
555,0.999946136652424
556,0.9999689727737209
557,0.9999535626367433
558,0.9999524751692719
559,0.9999551864981462
560,0.9999487177292752
561,0.9999423338992598
562,0.9999612927037926
563,0.9999488410108229
564,0.999954149058724
565,0.9999347443039702
566,0.9999168517452237
567,0.9999514071330263
568,0.9999484297656699
569,0.9999323347693624
570,0.9999466473073018
571,0.9999489584526338
572,0.9999392155790635
573,0.9999428959021237
574,0.9999537289526312
575,0.9999372108119958
576,0.9999427869103096
577,0.9999350936595607
578,0.9999475332232659
579,0.9999431169455617
580,0.9999570606854886
581,0.9999479201339481
582,0.9999580988688039
583,0.999940959121647
584,0.9999526023436055
585,0.9999673197573102
586,0.9999381812844652
587,0.9999086192487429
588,0.9999424359064056
589,0.9999424193891397
590,0.9999320888665283
591,0.9999469584530323
592,0.9999176558870904
593,0.9999444620779803
594,0.9999605148418289
595,0.9999243409824464
596,0.9999351896824481
597,0.9999376517074322
598,0.9999475324503198
599,0.9999433235837083
600,0.9999470354234554
601,0.9999305438914678
602,0.9999387057592336
603,0.9999417619732198
604,0.9999375989690537
605,0.9999489408677612
606,0.9999154247935852
607,0.9999518941046086
608,0.9999467400293862
609,0.9999262474259771
610,0.9999492755662355
611,0.9999459830822921
612,0.9999171994354213
613,0.999944250390719
614,0.9999237235679432
615,0.9999352617825195
616,0.9999467102402406
617,0.9999174160419674
618,0.9999064878395196
619,0.9999310963393135
620,0.9999312188147459
621,0.9999311453978964
622,0.9999349533845436
623,0.999903769613613
624,0.9999468828136915
625,0.9999410072358047
626,0.9999181928079068
627,0.9999499323067556
628,0.9999176468343006
629,0.999940342037637
630,0.999938329185106
631,0.999940446362751
632,0.9999462241504297
633,0.9999415236207138
634,0.9999529493907778
635,0.9999202261041136
636,0.9999339955429284
637,0.9999408973143982
638,0.9999050659516543
639,0.9999142522648028
640,0.9999138209894327
641,0.999923091393176
642,0.9998672071250277
643,0.9998889285609166
644,0.999922521674705
645,0.9999007293768066
646,0.9999307674678333
647,0.9999472807839
648,0.9999113413794719
649,0.9998939763324378
650,0.9999176836746768
651,0.9999082537741011
652,0.9998795167913113
653,0.9998646954417778
654,0.9999149320366923
655,0.9999079850891478
656,0.999911430161972
657,0.999898914904508
658,0.9999371973772819
659,0.9998856185465269
660,0.9999026330612655
661,0.9999179068714145
662,0.9999221396995204
663,0.9999099673387858
664,0.9999229879409647
665,0.9998641609008245
666,0.999934126668642
667,0.9999134583405672
668,0.9999208529659399
669,0.9999173467770176
670,0.9999054239434855
671,0.9999141223899971
672,0.9998796500428119
673,0.9999094009442151
674,0.999887187196958
675,0.99991167687051
676,0.9998841638314996
677,0.9998994762622332
678,0.9999339874989102
679,0.9999319559272664
680,0.9999185358674152
681,0.9998907337562108
682,0.9998908446331874
683,0.9999061344544816
684,0.9998761107350242
685,0.9999184769953283
686,0.9998593669543768
687,0.9999080839390965
688,0.9998829565114157
689,0.9998889950111947
690,0.9998681349775432
691,0.9999027788195876
692,0.9999289483753137
693,0.9998766941016022
694,0.999894235680182
695,0.9999000574716811
696,0.9998989196007733
697,0.9998558850117047
698,0.9999253411996888
699,0.9999133229590635
700,0.9999060762863039
701,0.9999145000883742
702,0.9998959927080502
703,0.9999160172929463
704,0.9998449053015854
705,0.99982171688109
706,0.9999056020026015
707,0.9998940112388515
708,0.9998574335146411
709,0.9999168074748733
710,0.9999167592328166
711,0.9999203163885441
712,0.9999151126169704
713,0.9998797454362612
714,0.9998573338803588
715,0.9998947370562986
716,0.9998717551954662
717,0.9998900440743631
718,0.9998898085556459
719,0.9998827755862305
720,0.9998712404417253
721,0.9999020202321413
722,0.9999320576765424
723,0.9998903356561152
724,0.9999152252074268
725,0.9998992388345634
726,0.9998913116124833
727,0.9998925139978476
728,0.9998889099182618
729,0.9998927305767722
730,0.9998779364211313
731,0.9998682082207131
732,0.9998487821186779
733,0.9998509697770148
734,0.9998761425807718
735,0.9999061315580048
736,0.9998601425728385
737,0.9998666689267809
738,0.9998918383089023
739,0.9998280914285332
740,0.9998780133491073
741,0.9998830042070016
742,0.9998656648481122
743,0.999893629584693
744,0.9998814300861709
745,0.9998728244269214
746,0.9998815572621026
747,0.9998433289274987
748,0.9998457963612243
749,0.9998529259687999
750,0.9998137879699792
751,0.9998993614212083
752,0.9998516944810623
753,0.9998542757583283
754,0.9998327269786604
755,0.9998574507677476
756,0.9998683869423981
757,0.999799703835142
758,0.9998157898964372
759,0.9998414778947725
760,0.9998672841209364
761,0.9998390018754402
762,0.999849716110901
763,0.9998466829721326
764,0.9998600328387804
765,0.9997932746776642
766,0.9997943098052278
767,0.9998451778964605
768,0.9998344337222564
769,0.9998664092165334
770,0.9998255335675119
771,0.9998457151011027
772,0.9998477100966994
773,0.9997898838658927
774,0.9998172472220918
775,0.9998679581701605
776,0.9998408423512829
777,0.9997787722467903
778,0.9998347195040089
779,0.999838807612414
780,0.9998509384553288
781,0.999855306874182
782,0.9998661430256892
783,0.999883874675655
784,0.9998519081406155
785,0.9998670058465181
786,0.9998129812740073
787,0.999869354932571
788,0.9998371492479571
789,0.9998005827932211
790,0.9997636152215696
791,0.9998707821067234
792,0.9998736473363014
793,0.99987104206149
794,0.9998440760803728
795,0.9998013518155142
796,0.9998215677279035
797,0.9998226949099561
798,0.9997863031459064
799,0.9997703600560736
800,0.9998164492496433
801,0.9998088775054877
802,0.9998242487258443
803,0.9997372174137088
804,0.9997483285647554
805,0.9998079687881347
806,0.9998411393757678
807,0.9997949865520942
808,0.9998191969345646
809,0.9997991244761443
810,0.999831154734727
811,0.9998262411114913
812,0.9997867545810785
813,0.9997886733154985
814,0.9998005847463137
815,0.9997556786758048
816,0.9998365879100337
817,0.999728116970147
818,0.999830220992872
819,0.9997766982722037
820,0.9998065509698787
821,0.9997860935229181
822,0.9997733241683423
823,0.999815949801567
824,0.999774275486745
825,0.9998396001380454
826,0.999824402914588
827,0.9997219751183463
828,0.9998361878425062
829,0.9997845436238036
830,0.9997399372097184
831,0.9997849014917162
832,0.9997323881016168
833,0.9997979477084753
834,0.9997727305018121
835,0.9997944417564544
836,0.9997635323802785
837,0.9997625903784219
838,0.999760783006158
839,0.9997438011221411
840,0.9997296419547916
841,0.9997783805573568
842,0.9997763942638793
843,0.9997631000945907
844,0.9997551542896427
845,0.999761849171255
846,0.9998219538510016
847,0.9997779444180169
848,0.9997966368301932
849,0.9997472432459162
850,0.9996142467066093
851,0.9997244179077924
852,0.9998099380567157
853,0.9997009209371235
854,0.9997165185394346
855,0.9998173425966008
856,0.999672316620365
857,0.9996844751049822
858,0.9996302008846901
859,0.9996867964172269
860,0.9997055727290588
861,0.9997411587419253
862,0.9995932317244454
863,0.9996891895293594
864,0.9997655844368477
865,0.9997159873642724
866,0.99966482786871
867,0.9997067892651813
868,0.9997336380204662
869,0.9997066574376375
870,0.9997063254844768
871,0.9997530198526291
872,0.9997529826907988
873,0.9997601325019339
874,0.999721565969183
875,0.9996747774756726
876,0.9997193745594536
877,0.999677350215895
878,0.9997217537546405
879,0.9997464421587113
880,0.9997244899589753
881,0.9997494856801419
882,0.9997430196039027
883,0.9996788783346484
884,0.9996872154571372
885,0.9997639629453041
886,0.9997766497824307
887,0.9997052149655218
888,0.9997061844303478
889,0.9998008395981016
890,0.9996567030976382
891,0.9997297628359253
892,0.999647676810438
893,0.9997852903377563
894,0.9996498741486972
895,0.9997513625376346
896,0.999754114539761
897,0.9997606565106169
898,0.9996638792264864
899,0.999671027958363
900,0.9996424546644737
901,0.9996126363205816
902,0.9997252917893965
903,0.9997117457214767
904,0.9996690469183415
905,0.999723145140344
906,0.9996780762731107
907,0.9996935407444301
908,0.999696789470964
909,0.9995822977885621
910,0.9996911608361542
911,0.9995536865036923
912,0.9996410855910934
913,0.9996592068220213
914,0.9997027919763779
915,0.9996791325285965
916,0.9997552038625586
917,0.9997040565632802
918,0.9997576586738623
919,0.9997237570805072
920,0.9997175218175046
921,0.9995566388457748
922,0.9995843290066072
923,0.9996916535258855
924,0.9997263436283687
925,0.9996925217373324
926,0.99970526602122
927,0.9996750805296672
928,0.9996777002660537
929,0.9997470292013623
930,0.9996282455511211
931,0.9997517280636781
932,0.9997133216315418
933,0.9997054696512391
934,0.999657768206855
935,0.9997687234196326
936,0.999660055485823
937,0.9997074495950907
938,0.9996778893260309
939,0.9996356630213362
940,0.999660889092456
941,0.9996455286044242
942,0.999650368196419
943,0.9996676763884457
944,0.9996999961825443
945,0.999679316333387
946,0.9996759715811989
947,0.9996320593183485
948,0.9996334745603372
949,0.9996948539466548
950,0.9995958282437368
951,0.9996014599335192
952,0.9996289091898829
953,0.9996281253761279
954,0.9996007408169237
955,0.9996822139082469
956,0.9995415575024676
957,0.999635811307212
958,0.9996038797485096
959,0.9995907629394072
960,0.9996669220618797
961,0.9996500864815023
962,0.9996793838460726
963,0.9996143588932084
964,0.9996284689965022
965,0.9996650587942469
966,0.9995986926509145
967,0.999582874454796
968,0.999622729416595
969,0.999501428310323
970,0.9996235872030745
971,0.9995322199281126
972,0.9996502032372969
973,0.9995197789372793
974,0.9996327941632929
975,0.9996907123837029
976,0.9996549131708341
977,0.9997259084571982
978,0.9995506913593704
979,0.999584370642589
980,0.9996833624315488
981,0.9996181429077213
982,0.9995353363803041
983,0.9995164445246796
984,0.9997078149744467
985,0.9996390712132247
986,0.9995113428483057
987,0.9996461574751541
988,0.9996306977580186
989,0.9996462802921134
990,0.999615090494527
991,0.9996429338984126
992,0.9992560712672615
993,0.9995120344731382
994,0.9996341267902391
995,0.9995467329124236
996,0.9996254171004559
997,0.9994532834314337
998,0.9995007081212108
999,0.9996443860999611
1000,0.9995832398772779
1001,0.9996386990111719
1002,0.9996346667341759
1003,0.9995884714852814
1004,0.9995204997856802
1005,0.9995647627859052
1006,0.9996183871958223
1007,0.9994990143303417
1008,0.9995420354915263
1009,0.9993837774084782
1010,0.9994875741217252
1011,0.9995460211973306
1012,0.9993356198836921
1013,0.9995389926639717
1014,0.9995455077643316
1015,0.9993592421818486
1016,0.9995311645380267
1017,0.9993973177779981
1018,0.9994839097645302
1019,0.9994598943280212
1020,0.9995045116686243
1021,0.9995174516125933
1022,0.9994740221411265
1023,0.9995101689058754
1024,0.9994569961441774
1025,0.9995546546806342
1026,0.9993597980954826
1027,0.9994356838041445
1028,0.9993731092738403
1029,0.9995447448180234
1030,0.9994748638143659
1031,0.9994623823574116
1032,0.999444050535655
1033,0.9994298044342788
1034,0.9994481941505794
1035,0.9994355444879466
1036,0.9995420358494099
1037,0.9994518623525632
1038,0.999480300355877
1039,0.999403456514365
1040,0.9994071697107109
1041,0.9995115741517578
1042,0.9992910425369601
1043,0.9993747584795171
1044,0.9994254211946674
1045,0.999393110252218
1046,0.9994797381706809
1047,0.9993414435687197
1048,0.999512874773947
1049,0.9995203146111356
1050,0.9995476387768588
1051,0.9994141425384035
1052,0.9994915131839912
1053,0.9994968078258316
1054,0.9994840428318437
1055,0.9994530455441195
1056,0.9995178847308419
1057,0.9993870904104825
1058,0.9993848742546473
1059,0.9993792546214442
1060,0.9995090161075555
1061,0.9994303925870887
1062,0.9993970333664157
1063,0.9993614220556628
1064,0.9993644739327894
1065,0.9995125195238724
1066,0.999485534439202
1067,0.9993506089014054
1068,0.9994328850505089
1069,0.9993872978981417
1070,0.9992434613054626
1071,0.9994811215919481
1072,0.9994861522787736
1073,0.999380241212335
1074,0.999470839127434
1075,0.9994302114861551
1076,0.9994954932328356
1077,0.9993743444560783
1078,0.9994095509884499
1079,0.999447412919583
1080,0.9993850637806838
1081,0.9993864588854525
1082,0.9993145020109075
1083,0.9993818308593633
1084,0.9994000179360005
1085,0.9994460417642086
1086,0.9994733528135965
1087,0.9993161156734767
1088,0.9994648963232416
1089,0.9993832644463134
1090,0.9995598795015522
1091,0.9993391809979063
1092,0.9992772294028707
1093,0.9993090044406454
1094,0.9991751543149676
1095,0.9993443975485014
1096,0.999366113627533
1097,0.9994812856442857
1098,0.9994028794709112
1099,0.999232431323696
1100,0.9993916565332932
1101,0.999494052333266
1102,0.9994131149135216
1103,0.9992939325888663
1104,0.9993887434519053
1105,0.9994786895240008
1106,0.999283946274894
1107,0.9994932184085343
1108,0.9993492018840793
1109,0.9994218910291173
1110,0.9993900317544324
1111,0.999228019368728
1112,0.9993141097350456
1113,0.999394206607852
1114,0.9994031013789741
1115,0.9994262560265184
1116,0.999346263377367
1117,0.9993785597209525
1118,0.9994370970843656
1119,0.9994073335704252
1120,0.9993278708008021
1121,0.9993890799372059
1122,0.9992261948812918
1123,0.9993931282103601
1124,0.9992738488270051
1125,0.9993122543921215
1126,0.999323135515795
1127,0.999222690216366
1128,0.9994157917791693
1129,0.9993430034762039
1130,0.9993221259211816
1131,0.9994462129584699
1132,0.9991061087886821
1133,0.999322599040887
1134,0.9991153490684461
1135,0.9992647663944849
1136,0.999256759232491
1137,0.9992559550912826
1138,0.999119326513498
1139,0.99924979681913
1140,0.999186407216518
1141,0.9993231529949196
1142,0.9992935201849318
1143,0.9994712008151805
1144,0.9992707771824719
1145,0.9993348360053715
1146,0.9992224389485164
1147,0.9992905562846449
1148,0.9992808279098337
1149,0.9994275046744959
1150,0.9991774712478904
1151,0.9988876905188981
1152,0.9992967047814744
1153,0.9992702992778791
1154,0.9990705840146864
1155,0.9991941832430111
1156,0.9991145098690853
1157,0.9992970759813719
1158,0.9991955964744628
1159,0.9990255164621328
1160,0.999323052629702
1161,0.9991977920516273
1162,0.9992325099341562
1163,0.9993255596383835
1164,0.9991636967865153
1165,0.9991316690156419
1166,0.999096600570211
1167,0.9991491087655826
1168,0.9991636476472064
1169,0.999067036620537
1170,0.9992805159740173
1171,0.9991342631051976
1172,0.9991564380075012
1173,0.9991282544456589
1174,0.9993499880259797
1175,0.9991495035949775
1176,0.9992320233711434
1177,0.9991929326602234
1178,0.9992672254114837
1179,0.9994108205374548
1180,0.9991616977216892
1181,0.9991207203172244
1182,0.99920014726468
1183,0.9993326652688785
1184,0.9993206963687415
1185,0.9991785143324923
1186,0.9991720699880882
1187,0.9993013329275838
1188,0.9992528109503279
1189,0.9991540869146638
1190,0.9990429582397603
1191,0.9992114697020927
1192,0.9990734408957392
1193,0.9991736321016677
1194,0.9990859775500373
1195,0.999111990765216
1196,0.9992795211329499
1197,0.9991751962486378
1198,0.9989819337928781
1199,0.9991807302968894
1200,0.9991990443600353
1201,0.9991937684785615
1202,0.9993025094595138
1203,0.9991576247716332
1204,0.999241342034196
1205,0.99912487009785
1206,0.9992032409803846
1207,0.9992256370408972
1208,0.9989996154788477
1209,0.9991549496992195
1210,0.9992407910068749
1211,0.9991218151343912
1212,0.9991165536559671
1213,0.9991319789527913
1214,0.9992198474819678
1215,0.9990876599107502
1216,0.999082944383034
1217,0.999089125069387
1218,0.9991807145149982
1219,0.9992049930534802
1220,0.999132266927648
1221,0.9992803918076504
1222,0.99924310198071
1223,0.9990105476610383
1224,0.9990052824817555
1225,0.99917575466556
1226,0.9992230940909252
1227,0.9989630078356136
1228,0.9990654102406374
1229,0.9991020622001505
1230,0.9991656052330649
1231,0.9990806162830359
1232,0.9989170459277157
1233,0.9991553849478492
1234,0.9991542807410662
1235,0.9989692058227471
1236,0.9988790864867908
1237,0.9991205412776986
1238,0.9990187846613878
1239,0.999254404384168
1240,0.99915014165861
1241,0.9990239092193406
1242,0.9989528091599584
1243,0.9992532502835376
1244,0.9990900326107993
1245,0.9990796047314884
1246,0.9991830759716922
1247,0.9990832074975241
1248,0.9990602255888323
1249,0.9991389162968178
1250,0.9992049663520616
1251,0.9991110706751157
1252,0.9990256328466871
1253,0.9992060584050173
1254,0.9991063726198594
1255,0.9990409681069802
1256,0.9991311198135848
1257,0.999060574460666
1258,0.9990504774560798
1259,0.9987534778560181
1260,0.9991166876414129
1261,0.9990070074132528
1262,0.9992112376932458
1263,0.9988886556181474
1264,0.9989291678617432
1265,0.9990641867201518
1266,0.9991561746370762
1267,0.9992625614248078
1268,0.9988369209130806
1269,0.9991527495388755
1270,0.9990762489156958
1271,0.9990289153595789
1272,0.9990194132321432
1273,0.9989591928354816
1274,0.9989781423420794
1275,0.9990392139301585
1276,0.9989261500850594
1277,0.9988548093260484
1278,0.9990706040046722
1279,0.9990246097221246
1280,0.9989831154743859
1281,0.998898999385942
1282,0.9990973367457866
1283,0.9991036138725461
1284,0.9989956478112538
1285,0.9990161638441075
1286,0.9988629724052518
1287,0.9989037917571151
1288,0.9992290850624622
1289,0.9989247781968953
1290,0.9989028347556337
1291,0.9990732805778805
1292,0.9990080071014426
1293,0.999190808010417
1294,0.9988777585691254
1295,0.9990325114844816
1296,0.9989494687930279
1297,0.9990170788045073
1298,0.999137152065273
1299,0.9991063456896718
1300,0.9991934355146878
1301,0.9986695812036114
1302,0.9989212043317969
1303,0.9990506504183332
1304,0.9990445636605082
1305,0.9990777582415931
1306,0.9989071530109337
1307,0.9987650358658963
1308,0.9986522419873312
1309,0.9989478992197511
1310,0.998867267756375
1311,0.9988614293226853
1312,0.9990081545068297
1313,0.9990854720264379
1314,0.9988290397988536
1315,0.9986501242368501
1316,0.9989001595623056
1317,0.998722518485353
1318,0.9987776083280693
1319,0.9987277319910578
1320,0.9987541479743066
1321,0.9989579665983143
1322,0.9990458592155376
1323,0.9988388465425591
1324,0.9986259794530833
1325,0.9988840134225786
1326,0.9989241509276446
1327,0.9990246618265769
1328,0.9987875444371075
1329,0.9990763812584369
1330,0.9989158667757333
1331,0.9989757575241293
1332,0.9989747652316568
1333,0.998777319565143
1334,0.9989053334957824
1335,0.9988057350355947
1336,0.9989359754605325
1337,0.9989958335940059
1338,0.9989922019224154
1339,0.9989839295870065
1340,0.9990372646059928
1341,0.9989360615179178
1342,0.9990097034035175
1343,0.9990131887421236
1344,0.9990224919254546
1345,0.999028055138199
1346,0.9990042563743521
1347,0.998946613981837
1348,0.9990611006899598
1349,0.9989039256191277
1350,0.9987701106375236
1351,0.9984997644236697
1352,0.9989500003392517
1353,0.9987896791537514
1354,0.9989569990631407
1355,0.9987719884550461
1356,0.9988556180386364
1357,0.9987295469547253
1358,0.9988162907617584
1359,0.9989472346854235
1360,0.9989317603759275
1361,0.9988688046162937
1362,0.9987131818391337
1363,0.9986815503299202
1364,0.9990554708170278
1365,0.9988669581444232
1366,0.9987823852078564
1367,0.9989302043549482
1368,0.9986768746106411
1369,0.9985657897943249
1370,0.998900868886767
1371,0.998766304882451
1372,0.9989134510208649
1373,0.998778253441262
1374,0.9987169857568443
1375,0.9987789092396318
1376,0.9990576411209035
1377,0.9989305693480364
1378,0.9988885427668827
1379,0.9989355199193961
1380,0.9988268927099966
1381,0.9987501882296945
1382,0.9985990065453989
1383,0.9988351408115745
1384,0.9988043583205259
1385,0.9987387940214743
1386,0.9987332744758383
1387,0.9987807259495691
1388,0.9988939815897618
1389,0.9987727859570226
1390,0.9988350695877105
1391,0.9988682784921056
1392,0.9989080679790183
1393,0.9987167270842949
1394,0.9988999056352738
1395,0.9989340676182434
1396,0.9987154843451809
1397,0.9985849206362846
1398,0.9986199377974802
1399,0.9986453469967966
1400,0.9987019515839495
1401,0.9988514126021092
1402,0.9987461900216191
1403,0.9988574113481745
1404,0.9986891447206616
1405,0.9988050399590415
1406,0.9987436368978526
1407,0.9987759077181058
1408,0.9988616940857246
1409,0.9988065423475487
1410,0.9986933539384325
1411,0.9986543856984815
1412,0.9985787041344124
1413,0.9987126522492847
1414,0.9987915820923892
1415,0.9987188756861033
1416,0.9986490857864176
1417,0.9988268487423615
1418,0.9988380781072304
1419,0.9987070125063852
1420,0.9988811177563024
1421,0.9986253790825428
1422,0.9987758642801625
1423,0.9986282141986934
1424,0.9986976275066921
1425,0.9983651998135133
1426,0.9986083540151373
1427,0.9989705648010807
1428,0.9986175904998287
1429,0.9987078531783722
1430,0.9986725490332385
1431,0.9986896309768423
1432,0.9986308091742421
1433,0.9988702649761604
1434,0.9987570459664226
1435,0.9987938352020058
1436,0.9988552714898895
1437,0.9986547732184045
1438,0.9988078318154682
1439,0.9986985798074525
1440,0.9986717641052497
1441,0.9988353256487983
1442,0.9988424868769683
1443,0.9988087563308726
1444,0.9986847926600404
1445,0.9987809317142149
1446,0.9985247358522779
1447,0.9984853932797632
1448,0.9987372718749677
1449,0.9988493696286169
1450,0.9986126342770538
1451,0.9987831437027609
1452,0.9987715800835726
1453,0.9987303766904573
1454,0.9987171799275818
1455,0.9985377481640707
1456,0.9985728882072923
1457,0.9986856358807522
1458,0.9986284692253458
1459,0.998791833287849
1460,0.9987269025728732
1461,0.9988829585868908
1462,0.9987051087780768
1463,0.9986898693303563
1464,0.9985927885799992
1465,0.9986602628483002
1466,0.9985255338327325
1467,0.9987556158855776
1468,0.998620037334818
1469,0.9986689090886821
1470,0.9988061252372284
1471,0.9985189671031833
1472,0.9987869265852558
1473,0.9985337193884046
1474,0.9985634876976879
1475,0.9988839879871498
1476,0.9985140328996817
1477,0.9987336803005411
1478,0.9986500094146228
1479,0.9987710687624544
1480,0.9986399205434131
1481,0.9984649636599945
1482,0.9986239340458846
1483,0.9983230312475766
1484,0.9986809177006382
1485,0.9986486786884865
1486,0.9985153492764564
1487,0.9986893217623857
1488,0.9986821658546091
1489,0.998513712069773
1490,0.9984625677444614
1491,0.9984485761219308
1492,0.9984640431406762
1493,0.9983281115821993
1494,0.9988236619857287
1495,0.99843533064769
1496,0.9986745432466793
1497,0.9986778762114596
1498,0.9981271433297613
1499,0.9982903037627788
1500,0.9982836136636882
1501,0.9983349215149807
1502,0.998518759732506
1503,0.9984966220634324
1504,0.9983356421539039
1505,0.9985611991815938
1506,0.9985270957244969
1507,0.9986303122093027
1508,0.9986365879955881
1509,0.9985354361795215
1510,0.9986040152060969
1511,0.9985184075635495
1512,0.9983179102566038
1513,0.9986061347223548
1514,0.9984699805245377
1515,0.9985417561438895
1516,0.998400100398423
1517,0.998515540316514
1518,0.9983773762914382
1519,0.9986847582118952
1520,0.9984898437262962
1521,0.9982692512087645
1522,0.998356253922145
1523,0.9986554438351268
1524,0.9984058000971383
1525,0.9985598505034813
1526,0.9985072681540237
1527,0.998468421021222
1528,0.9984105523190873
1529,0.9981351412208942
1530,0.9983531946459218
1531,0.9985264723140092
1532,0.9983915750970488
1533,0.9986339192837257
1534,0.9984904741969188
1535,0.9986036628605408
1536,0.9984341030815734
1537,0.9985273996706407
1538,0.9982129377025708
1539,0.998278159570708
1540,0.9984065837539527
1541,0.998248929205497
1542,0.9985326155224544
1543,0.9984070922987248
1544,0.9985852051245391
1545,0.9985481215097276
1546,0.9984696930029444
1547,0.9984182155081989
1548,0.9984059286042729
1549,0.9983144916727836
1550,0.9985038863632465
1551,0.9983022947851866
1552,0.9982613877099518
1553,0.9981895729469723
1554,0.9981824761895041
1555,0.9982653609196805
1556,0.9983389754137744
1557,0.9982221074748125
1558,0.9983177732837553
1559,0.9981655086085807
1560,0.9983186998403799
1561,0.9982542491376748
1562,0.9983981580034383
1563,0.9984784488339377
1564,0.9982790897609202
1565,0.9981910194085202
1566,0.9981830418186012
1567,0.9983318201194672
1568,0.9983488170325372
1569,0.998416882513285
1570,0.997996332131382
1571,0.9983669752471429
1572,0.9983063380245855
1573,0.9982802569181576
1574,0.9983033812605677
1575,0.9980202923903964
1576,0.9980012011738985
1577,0.9979453078282067
1578,0.9983160854938298
1579,0.998442679063337
1580,0.9983450025536235
1581,0.998210979607672
1582,0.9983976573959806
1583,0.9981305828961292
1584,0.9982370622281795
1585,0.9980391490307159
1586,0.998311883536872
1587,0.9980147001123186
1588,0.9982282790075115
1589,0.9981182306944565
1590,0.9983432497354903
1591,0.9982345506339407
1592,0.9981854873398353
1593,0.9982282690398114
1594,0.9982477243096252
1595,0.9983393424693768
1596,0.9978417726244064
1597,0.9983684909945929
1598,0.9983524508530978
1599,0.9981229808028618
1600,0.998170553506194
1601,0.9982538934792988
1602,0.9982138394220292
1603,0.9981900046755691
1604,0.9975563206757654
1605,0.998336801160105
1606,0.9984857871651567
1607,0.9983939739380387
1608,0.9981245087449123
1609,0.9983411735440645
1610,0.9984925432948896
1611,0.9984499168617124
1612,0.9983631600198013
1613,0.9984172132227679
1614,0.9983038662334986
1615,0.9980092338449061
1616,0.9982897555863706
1617,0.9981783803762807
1618,0.9982674450678715
1619,0.9979854138041331
1620,0.9982729468941428
1621,0.997965120361521
1622,0.9981565826751291
1623,0.9983175103785357
1624,0.9982321661295416
1625,0.9979200432780138
1626,0.9980880580150172
1627,0.9979988480659874
1628,0.9982441424119507
1629,0.9979190414936064
1630,0.9980198567397413
1631,0.9980361529586433
1632,0.9981055179857029
1633,0.9978941473564518
1634,0.9983189233390657
1635,0.9980570089098496
1636,0.9979114743460177
1637,0.998356598552441
1638,0.9981555784348841
1639,0.998236231206483
1640,0.9984170769036237
1641,0.998285843147767
1642,0.9984709680722592
1643,0.9983041829012281
1644,0.99821693149691
1645,0.9979556416463927
1646,0.9977410713775701
1647,0.9980466478065085
1648,0.9979707083403186
1649,0.9978863357509912
1650,0.9979747397371269
1651,0.9983507111561153
1652,0.998070026631387
1653,0.9982496484919171
1654,0.9981697895010821
1655,0.9981745565332572
1656,0.9981066288251589
1657,0.99779113502405
1658,0.9983055815689332
1659,0.9979896162335551
1660,0.9980521554146827
1661,0.9984109325321564
1662,0.9981586149386984
1663,0.9981849849157172
1664,0.9982122999398618
1665,0.9983311014397857
1666,0.9982425083144623
1667,0.9983322910765212
1668,0.9980647348503542
1669,0.9982101321352327
1670,0.9982198378066014
1671,0.9978964716257516
1672,0.9977614698089654
1673,0.9979537957505872
1674,0.9981415890365719
1675,0.9977518500162029
1676,0.9980457251012019
1677,0.9981020219619899
1678,0.9981132367792076
1679,0.9979208737786006
1680,0.9977999656700216
1681,0.9981682404166498
1682,0.997802132365936
1683,0.9978902036062214
1684,0.9977413014560436
1685,0.9978780756821192
1686,0.9984353783881003
1687,0.9980087243003021
1688,0.9982303395797011
1689,0.998095988857226
1690,0.998045820025766
1691,0.9981348725836956
1692,0.9980510088924385
1693,0.9980520107941313
1694,0.9980057072379579
1695,0.9976654123821431
1696,0.9980354565619387
1697,0.9979497540294888
1698,0.9979524786318489
1699,0.9978126339576445
1700,0.9981797062105929
1701,0.9981497600446615
1702,0.9978650045593249
1703,0.9979846255611725
1704,0.9980554235586581
1705,0.9981343822344969
1706,0.9978427506348138
1707,0.9978569386611631
1708,0.9978367724339162
1709,0.9976351618956768
1710,0.9979604139474229
1711,0.997973228755565
1712,0.9978746388797446
1713,0.9978869880520175
1714,0.9977108154335056
1715,0.998074331900775
1716,0.9980016681662456
1717,0.9976113548725142
1718,0.9977402013029337
1719,0.9979662037841749
1720,0.9978875363114474
1721,0.9978268172784727
1722,0.9978663740914956
1723,0.9978965778474717
1724,0.9978998544035318
1725,0.9979428136537897
1726,0.9978349536812428
1727,0.9979259193242982
1728,0.997676849529647
1729,0.9976085299636417
1730,0.9975384536318607
1731,0.9977464892995654
1732,0.9977223570371362
1733,0.998292090657834
1734,0.9981606925715893
1735,0.9979107833432574
1736,0.9976397412100029
1737,0.9977999926317592
1738,0.997672896278637
1739,0.9977083097212802
1740,0.9978713412705162
1741,0.9975166436509396
1742,0.9976376976844081
1743,0.9974467107595555
1744,0.9974486633561285
1745,0.9973903130315496
1746,0.9976286819913348
1747,0.9978419433217439
1748,0.9975632177209307
1749,0.9978806198600569
1750,0.9975641497205863
1751,0.9978111146850039
1752,0.9977783117221075
1753,0.9978309928787472
1754,0.9974171496730234
1755,0.9977005963797444
1756,0.9977468754824964
1757,0.9976487388514863
1758,0.9977810625332751
1759,0.9978885275457436
1760,0.9979504469395202
1761,0.9975907596009521
1762,0.9978556024476527
1763,0.99775750819517
1764,0.9974598982921432
1765,0.9977074637567449
1766,0.9980543317352298
1767,0.9977818554250305
1768,0.9980397292187629
1769,0.9980099470826688
1770,0.997826076741411
1771,0.9980161841966295
1772,0.9974627051319932
1773,0.9974900229885698
1774,0.9982096251885436
1775,0.9977210180953003
1776,0.997597829999951
1777,0.9979224986581425
1778,0.9978193594937569
1779,0.9976697171337986
1780,0.9979538926303322
1781,0.9977767346455906
1782,0.9979373994648263
1783,0.9978662267480645
1784,0.9977750097099438
1785,0.9979148738168183
1786,0.997834136386566
1787,0.9976454199387439
1788,0.9978207966093604
1789,0.9975126098056285
1790,0.9975418156412971
1791,0.9977263574525922
1792,0.9978513975638581
1793,0.9979245955888285
1794,0.9978192000301997
1795,0.9978323328928648
1796,0.9976025086772792
1797,0.9975227316164055
1798,0.9975779525672905
1799,0.997773820706453
1800,0.9977007870554115
1801,0.9976240606791891
1802,0.9974603016909678
1803,0.9974104849592472
1804,0.9974734404258659
1805,0.9977015372586044
1806,0.9978666735223222
1807,0.9975857226242554
1808,0.9975875797848736
1809,0.9972803527128947
1810,0.9978998315680337
1811,0.9978396515642071
1812,0.9975385668827247
1813,0.9978663964823169
1814,0.9975947808984146
1815,0.9977075064598485
1816,0.9976889507768991
1817,0.9976205572940411
1818,0.9974277799146151
1819,0.9977202649363994
1820,0.9977643050527568
1821,0.9975768781917125
1822,0.9979644173364177
1823,0.9976527066450719
1824,0.997385795712551
1825,0.9978163110955943
1826,0.9976348350484892
1827,0.9975751838895168
1828,0.9977210018266528
1829,0.9977857055361801
1830,0.9979879840436522
1831,0.9975837956697153
1832,0.9979482187011912
1833,0.9978314404625208
1834,0.9978608593485369
1835,0.9978312197353835
1836,0.99750899795815
1837,0.9975773045001991
1838,0.9978002996856021
1839,0.9977140870265239
1840,0.998136488089497
1841,0.9979097954350283
1842,0.9979326557791175
1843,0.9977230489013755
1844,0.9978785104879997
1845,0.9981119764665447
1846,0.997532656042134
1847,0.9975073401451964
1848,0.9977466430734268
1849,0.9980252778322245
1850,0.9979447136566842
1851,0.9977456752717995
1852,0.9979947801136356
1853,0.9975949851674943
1854,0.9974292099024814
1855,0.9975222186096036
1856,0.9975586592199871
1857,0.9979876419199329
1858,0.9973055917756496
1859,0.9974580299811395
1860,0.9975493169026864
1861,0.9979145204956288
1862,0.9978837909622421
1863,0.9975828002953717
1864,0.9975507799657223
1865,0.9975357903411801
1866,0.9972235752266343
1867,0.9974207313180103
1868,0.9969670989071513
1869,0.997264226754299
1870,0.9976921980564145
1871,0.9977508382670109
1872,0.9977507059963574
1873,0.9977294002268622
1874,0.9976692582595298
1875,0.9975177445378864
1876,0.9978754352328142
1877,0.9975994821812314
1878,0.9973383093693526
1879,0.9975348390748372
1880,0.9974831024233866
1881,0.9975041361839199
1882,0.9974837498405739
1883,0.997841257425463
1884,0.9975043921529194
1885,0.9971509427799307
1886,0.9975245047704197
1887,0.9974057890792071
1888,0.9974349488603228
1889,0.9972977583257722
1890,0.9977853374838467
1891,0.9976356864512018
1892,0.9969790594118454
1893,0.9972435033386597
1894,0.9975213257411862
1895,0.9973295035503927
1896,0.9973447091435446
1897,0.9978077818287111
1898,0.9970919760880099
1899,0.9970883079712665
1900,0.9974867276007584
1901,0.9972949090576279
1902,0.9976590762732682
1903,0.9973808367266219
1904,0.9971672776805997
1905,0.9974176324442642
1906,0.9967364119091929
1907,0.9973785607280817
1908,0.9972792132532072
1909,0.9975192701197295
1910,0.997605890278238
1911,0.9974284458606403
1912,0.9975008493835528
1913,0.9976871692930174
1914,0.99735828007644
1915,0.9977425615018496
1916,0.9975078239614058
1917,0.9971816140907668
1918,0.9973270031926752
1919,0.9978983410631853
1920,0.9975435583033695
1921,0.997356331823762
1922,0.9974640876077879
1923,0.9973074690634129
1924,0.9974490130540329
1925,0.9977859418742694
1926,0.9976358285743798
1927,0.997282822364498
1928,0.9971981258066097
1929,0.9974719293203547
1930,0.9970573908115946
1931,0.9973306511787744
1932,0.9971559486133806
1933,0.9973048474717973
1934,0.9975275609371076
1935,0.9975848414334489
1936,0.9971718800154953
1937,0.9975099090857794
1938,0.9973427012233288
1939,0.9976871326989399
1940,0.9974794213348669
1941,0.9973350772382517
1942,0.9970859762045134
1943,0.9973964329421253
1944,0.9976372775285179
1945,0.9974177341986691
1946,0.9971032308978237
1947,0.9975681985546776
1948,0.9973691378321716
1949,0.9970860988763199
1950,0.9972703898533944
1951,0.9973775730945416
1952,0.9973923499286917
1953,0.9970868661949376
1954,0.9971238626673126
1955,0.9972742385391049
1956,0.9972049157465686
1957,0.9973177721170431
1958,0.9971219772157033
1959,0.9969195452807164
1960,0.9970894028364161
1961,0.9968503580856205
1962,0.9966282955528543
1963,0.9974219750599733
1964,0.996766582729719
1965,0.9971636268663501
1966,0.9972082618677265
1967,0.9966410933441081
1968,0.9972288865256113
1969,0.9971166887934079
1970,0.9975357953428495
1971,0.9975141260566641
1972,0.9972501265004796
1973,0.9973621876059859
1974,0.9964545520066537
1975,0.9970686816078755
1976,0.9971669385806194
1977,0.9976734387345723
1978,0.9972179541614726
1979,0.9968621465424072
1980,0.9968549617275951
1981,0.9973595649577756
1982,0.9967914488836015
1983,0.9972036427900808
1984,0.9978499223444648
1985,0.9973709403450429
1986,0.9970196168173552
1987,0.9970972575446123
1988,0.9968748537167088
1989,0.9972700134756738
1990,0.9973041901153028
1991,0.9972906817131125
1992,0.9967418219730775
1993,0.9969850065299705
1994,0.9972379286393137
1995,0.9971087820624323
1996,0.9971057394198616
1997,0.9972991713330263
1998,0.9966349404724739
1999,0.9974525820057787
2000,0.9971103367236445
2001,0.9970912695905901
2002,0.9973123475047545
2003,0.9973941987046946
2004,0.9972723370449448
2005,0.9967405409443763
2006,0.9967614415302755
2007,0.9965630780386757
2008,0.9967225918511475
2009,0.9971135326575856
2010,0.9969815582927996
2011,0.9967951190920116
2012,0.9967242785124066
2013,0.9970737618982649
2014,0.9969658420567038
2015,0.9971884262088907
2016,0.9967127035042429
2017,0.9969422453104893
2018,0.9968247853722051
2019,0.9970966879773566
2020,0.9971704932461085
2021,0.9970340966068892
2022,0.9971915424787591
2023,0.9970536459036958
2024,0.9974162700642673
2025,0.9971162805058648
2026,0.9968344988842152
2027,0.9970599487761272
2028,0.9968382646381376
2029,0.9970944213032495
2030,0.9973383303484781
2031,0.996768046973105
2032,0.9970765762733725
2033,0.9973940598946028
2034,0.9971042907890287
2035,0.99710830254373
2036,0.9970021768656058
2037,0.997076889865863
2038,0.9965909176454462
2039,0.9965866410472337
2040,0.9964169185485969
2041,0.9967825518997135
2042,0.9970184130083306
2043,0.9965923081263937
2044,0.9961337965330871
2045,0.9966189843284582
2046,0.9963498578440739
2047,0.9969675247323369
2048,0.996578440485686
2049,0.9972201290081955
2050,0.9967465901557774
2051,0.9967686935161497
2052,0.9971520080860227
2053,0.9970977013679055
2054,0.9964947072619003
2055,0.996655548914588
2056,0.9969288149801059
2057,0.9970046882037084
2058,0.9963761913731856
2059,0.9968457277777766
2060,0.9966433243363677
2061,0.9969442488596293
2062,0.9966664079283248
2063,0.997236611115683
2064,0.9964813125579564
2065,0.9964299339614868
2066,0.9964679874641755
2067,0.9968869638529249
2068,0.9967165933090283
2069,0.9968365319151439
2070,0.9971306906280927
2071,0.9969054564052088
2072,0.9967729783254269
2073,0.9965641279844075
2074,0.9970236994878142
2075,0.9967310890815764
2076,0.9965484319145708
2077,0.9971716837589149
2078,0.9959051079262641
2079,0.9970306630110759
2080,0.9964641186170919
2081,0.9968692861993308
2082,0.9967045400027453
2083,0.9968533147057594
2084,0.9972622587457708
2085,0.9966140233381984
2086,0.9963719403465812
2087,0.9968068933191966
2088,0.9970629666582324
2089,0.9970362542493185
2090,0.9966123911492801
2091,0.9965378090856409
2092,0.9967770093424473
2093,0.9971578807219305
2094,0.9965314723705165
2095,0.9963303122470035
2096,0.9968802380696321
2097,0.9971821769763971
2098,0.9969780132053389
2099,0.9970840712468941
2100,0.9970981349904667
2101,0.9969493349855486
2102,0.9968233214830572
2103,0.9966402571300114
2104,0.9965832982221553
2105,0.9966246563929977
2106,0.996358523136764
2107,0.9963065727972928
2108,0.9965073007942646
2109,0.9961108994478348
2110,0.9965169526559062
2111,0.996433864134605
2112,0.9968475700080808
2113,0.9969979582255876
2114,0.9964927566682007
2115,0.9967871407342076
2116,0.9969779404153148
2117,0.9968762400264468
2118,0.9963789417971046
2119,0.9963998980627492
2120,0.9968174792306452
2121,0.9961648597716742
2122,0.9967452084323359
2123,0.9967998744380556
2124,0.9967112288705192
2125,0.9969605898463546
2126,0.996295063509565
2127,0.996337674295095
2128,0.99657256316375
2129,0.9966540432199931
2130,0.9965234262689983
2131,0.9966177216542769
2132,0.9968481453658535
2133,0.9966852812196538
2134,0.9967969820356178
2135,0.9965063175828022
2136,0.9967982942340635
2137,0.9968526663554425
2138,0.996531438670208
2139,0.996578375578356
2140,0.9968331147105427
2141,0.996764248072251
2142,0.9963371651522451
2143,0.9966007832898304
2144,0.9965600718012233
2145,0.9966233389613463
2146,0.9962166861771323
2147,0.9964145143988323
2148,0.9969457379553472
2149,0.9965571557306192
2150,0.99665771984879
2151,0.99695471800108
2152,0.9962490407023565
2153,0.9966786849406887
2154,0.9960979371107602
2155,0.9959887852532319
2156,0.9961454856067427
2157,0.9964242636515702
2158,0.9957963567265175
2159,0.9957375226888494
2160,0.9960581899018537
2161,0.9963566313468203
2162,0.9963803500351479
2163,0.996800247257302
2164,0.9958228935276471
2165,0.9963050555639492
2166,0.9958848533624108
2167,0.9958698458131556
2168,0.9962204574991789
2169,0.996457305486764
2170,0.9961624498507048
2171,0.9959688467920014
2172,0.9965929995059427
2173,0.9961923065753783
2174,0.9963138247461742
2175,0.9960757810592606
2176,0.9963116959669793
2177,0.9960707805666204
2178,0.9966332217340033
2179,0.9963580444997195
2180,0.9967924832537605
2181,0.996497211913606
2182,0.9964273484662174
2183,0.9963256232966746
2184,0.9961330199343711
2185,0.99653940092644
2186,0.9963323317975993
2187,0.9964019694082432
2188,0.9964308238188954
2189,0.9959853982835891
2190,0.9965275390106084
2191,0.9962935268727272
2192,0.9962835529313098
2193,0.996780269077768
2194,0.9965001941596996
2195,0.9964519843960049
2196,0.996321219246078
2197,0.9966816466467334
2198,0.9964261001525572
2199,0.9962823590836574
2200,0.9964071426083676
2201,0.9969388988929792
2202,0.9963804095015133
2203,0.9965343699559331
2204,0.9964297647513761
2205,0.9965435589340682
2206,0.9961965687242226
2207,0.995870397639046
2208,0.9961110088324603
2209,0.9965662243991951
2210,0.9964575543307248
2211,0.9965461771158095
2212,0.9960893084991087
2213,0.9963598917169171
2214,0.9963637230288817
2215,0.9964390626447772
2216,0.9960530162283474
2217,0.9963673042478395
2218,0.9961188208740793
2219,0.9964441207437885
2220,0.996179743689599
2221,0.9964253814146904
2222,0.9961847026754419
2223,0.9962357759182583
2224,0.996272736681026
2225,0.9961517216902107
2226,0.9963451745083161
2227,0.9963781104803293
2228,0.9965928262640962
2229,0.9962524974657935
2230,0.9958380903757146
2231,0.9960727990642128
2232,0.9963869678528876
2233,0.9958195821719635
2234,0.9963529009088105
2235,0.9962993737718678
2236,0.99624771165341
2237,0.9966105406954495
2238,0.9958806848518522
2239,0.9960378748205543
2240,0.99584639661829
2241,0.9961107474806724
2242,0.9957094517751878
2243,0.9958248526852673
2244,0.9962616281638832
2245,0.9962327685999653
2246,0.9966646041034262
2247,0.996248799966086
2248,0.9963360671405392
2249,0.9960286927759797
2250,0.9959912407377042
2251,0.9956720440359939
2252,0.9961033854389667
2253,0.9961539113419758
2254,0.9960541929236364
2255,0.9964814268544395
2256,0.9961593979391424
2257,0.9956376617290201
2258,0.9956054184181796
2259,0.9962641586454317
2260,0.995953402728163
2261,0.9961119147626161
2262,0.9964799960290164
2263,0.9955494216729958
2264,0.9956276076053452
2265,0.9961249554841938
2266,0.9960547190216876
2267,0.9956797369536529
2268,0.9962585340252136
2269,0.9957962222526334
2270,0.9960640565060745
2271,0.996684109274525
2272,0.996330946181766
2273,0.9963224819413696
2274,0.9958676383641787
2275,0.9964459459778113
2276,0.9964264814174609
2277,0.9959015270673298
2278,0.9962374121440676
2279,0.9960064698319584
2280,0.9959671585118165
2281,0.9959526383713984
2282,0.9960404828614915
2283,0.9962263214756352
2284,0.9961248949647065
2285,0.99606630756668
2286,0.9954566030413704
2287,0.9956350478262793
2288,0.9961695927568983
2289,0.9963184224007627
2290,0.9957640799658919
2291,0.9959725677377963
2292,0.9959818860791503
2293,0.9955289661881493
2294,0.9957671866738353
2295,0.9956722709083526
2296,0.9959696417476229
2297,0.9958566264286081
2298,0.9960443460897761
2299,0.9960250772364958
2300,0.9959908535823486
2301,0.9961360746073471
2302,0.9962977859776225
2303,0.9958155969830852
2304,0.9958788515535472
2305,0.9956582157220635
2306,0.9959051478842945
2307,0.9957968986271204
2308,0.9962418496045901
2309,0.9961103860875123
2310,0.9956782970308575
2311,0.9953744581126561
2312,0.9960676012397518
2313,0.996037157133899
2314,0.9961182970072527
2315,0.9960751590333645
2316,0.9960057619132452
2317,0.9960924338354266
2318,0.9958761005382768
2319,0.9962719452753325
2320,0.9959038128339316
2321,0.9960504218726318
2322,0.9961121565776438
2323,0.9955299633695437
2324,0.995463988415744
2325,0.9959160392539215
2326,0.9958132129119156
2327,0.9951412922231788
2328,0.9955449914513015
2329,0.9966337007263303
2330,0.9958068894204954
2331,0.9959570436223877
2332,0.9954692245405629
2333,0.9958615474859556
2334,0.9955875283055604
2335,0.9958427371231386
2336,0.9952047923262993
2337,0.9959666149497707
2338,0.9960292658961708
2339,0.9958993555625848
2340,0.9960745716764994
2341,0.9958115389617087
2342,0.9955181863358972
2343,0.9956501753247857
2344,0.9958213390793063
2345,0.9955945813347783
2346,0.9957051539938875
2347,0.9957947416676703
2348,0.9956742332938396
2349,0.9960970921623744
2350,0.9960894586371981
2351,0.9956608857793596
2352,0.9954502103946257
2353,0.995604009740478
2354,0.995368367329882
2355,0.9962320205167763
2356,0.9960347761196591
2357,0.9959260226969447
2358,0.995348662786815
2359,0.9953131810505316
2360,0.9954704428719956
2361,0.9955247263041227
2362,0.9952968403088515
2363,0.9951788795270096
2364,0.9955969778398989
2365,0.9955407305121362
2366,0.9953954335586418
2367,0.9956351388232361
2368,0.9955629507646204
2369,0.9962594822114925
2370,0.99511894127636
2371,0.9956145279623563
2372,0.995945039613727
2373,0.9956344014362519
2374,0.9959726966421644
2375,0.9957716802244975
2376,0.9963294288714695
2377,0.9959023183821262
2378,0.9951390612684184
2379,0.9954876953917925
2380,0.9955435966131427
2381,0.9957680402580684
2382,0.9955018911114472
2383,0.9960163058917285
2384,0.9956475708867598
2385,0.9957864221907236
2386,0.9954889190724714
2387,0.9959353538947004
2388,0.9959076270901008
2389,0.9956324603702904
2390,0.9960045756904934
2391,0.9956345496261366
2392,0.9956783168876904
2393,0.9958508811925294
2394,0.9959699486648236
2395,0.9956196098616352
2396,0.9952351398745378
2397,0.9959277295915385
2398,0.995463034204622
2399,0.9958713660450611
2400,0.9958266628925789
2401,0.9961858123087182
2402,0.9956885212698326
2403,0.9954532220530076
2404,0.9955693549287418
2405,0.9957007916108664
2406,0.9956081693989494
2407,0.9956482622056374
2408,0.9951034537130953
2409,0.9951843386390969
2410,0.995529873443194
2411,0.9955139364094656
2412,0.9961039655667242
2413,0.9951528829613798
2414,0.9953168131332593
2415,0.9953273466656595
2416,0.99596723879372
2417,0.9954115857800385
2418,0.9957285255554099
2419,0.9954245912318355
2420,0.9947544299173546
2421,0.9952138252344671
2422,0.9956635750433164
2423,0.995158182488022
2424,0.9955630723278339
2425,0.9952027786519005
2426,0.9953889323449859
2427,0.9947892780563885
2428,0.9948203692874997
2429,0.9954933829632086
2430,0.9953442348068277
2431,0.9952544343669038
2432,0.9950600278266672
2433,0.9951717591121723
2434,0.9954588055997619
2435,0.995578034496695
2436,0.9952702250629396
2437,0.9955213197551575
2438,0.9955243491041929
2439,0.9955322827900921
2440,0.9949366899759209
2441,0.9955854799921005
2442,0.9957397217038546
2443,0.9953385038696175
2444,0.9952896909866956
2445,0.9949020716575908
2446,0.9950345831999453
2447,0.9953893481116519
2448,0.9952870013993143
2449,0.9953506578121468
2450,0.9950913978206805
2451,0.9955710248625795
2452,0.9953817770894974
2453,0.9950446153304517
2454,0.9947718510515934
2455,0.9951623340480618
2456,0.9948978747775098
2457,0.9952938471050655
2458,0.9951152666678335
2459,0.9954777010300229
2460,0.9945623754765306
2461,0.9952412320261682
2462,0.9954982117048208
2463,0.9947917392064034
2464,0.9943350848742694
2465,0.9946021039755913
2466,0.995197590857233
2467,0.9952465499115045
2468,0.9951066437677635
2469,0.9951835894017621
2470,0.9949317674951496
2471,0.9952462121754154
2472,0.9953401472027332
2473,0.9953910766565536
2474,0.9943308867519776
2475,0.9948988161251429
2476,0.9950408751270206
2477,0.9952496579978755
2478,0.9952816714246646
2479,0.9952957985163817
2480,0.9950267782968951
2481,0.9951567676564776
2482,0.9952860440296434
2483,0.9951269740925325
2484,0.9956739663249417
2485,0.9952329505434564
2486,0.9956496433101638
2487,0.9950516408130572
2488,0.9947515196740763
2489,0.9947803211938142
2490,0.9949575605303622
2491,0.9950286118216004
2492,0.9955909468368492
2493,0.9948324036321715
2494,0.995710417036107
2495,0.9948922446554668
2496,0.9947114815319648
2497,0.9955161224321664
2498,0.9953010439612006
2499,0.9948469199481473
2500,0.9951882035075209
2501,0.9949384718325441
2502,0.9951913324574767
2503,0.9953671255658993
2504,0.9950800377239452
2505,0.9947753382565785
2506,0.9950705262113565
2507,0.9951505233130437
2508,0.994800014778683
2509,0.9947990288740362
2510,0.9953610586543792
2511,0.9946636911313883
2512,0.9952991067680956
2513,0.9952707065349728
2514,0.9947868019637566
2515,0.9941610079855479
2516,0.9957271127398091
2517,0.9952361490842092
2518,0.9954165019215411
2519,0.9951127520446335
2520,0.9950391782624722
2521,0.9953626100068971
2522,0.9948813431421252
2523,0.9951737608063033
2524,0.9950701337145682
2525,0.9952142093956433
2526,0.9946113827876544
2527,0.9953768828972925
2528,0.9947160625173997
2529,0.995141360294499
2530,0.9948983352169247
2531,0.995241408553946
2532,0.9950432014838958
2533,0.995142016340959
2534,0.9951472653402413
2535,0.9951058396296557
2536,0.9954480411771242
2537,0.9948500363985133
2538,0.9952371070037478
2539,0.9951004399450261
2540,0.9949191747946049
2541,0.9955353857333685
2542,0.9949014057341811
2543,0.9952030688871011
2544,0.9953776397701086
2545,0.9952839012942846
2546,0.994970993615458
2547,0.995175588080109
2548,0.9944957883540244
2549,0.9953096561979659
2550,0.9950361543821051
2551,0.9951021632835884
2552,0.9948751625285052
2553,0.9950069517148326
2554,0.9943859046588166
2555,0.9949039363862007
2556,0.9952313369998149
2557,0.9950801830830958
2558,0.9952380922853306
2559,0.9945808587295418
2560,0.9948840526298759
2561,0.994347066840995
2562,0.9953287413274198
2563,0.9951254897900197
2564,0.9950862124072949
2565,0.9949171380260722
2566,0.9945395646927148
2567,0.9948212571135332
2568,0.9946198543074125
2569,0.9947036691477517
2570,0.9940179599232712
2571,0.9947375223106544
2572,0.9949784725796439
2573,0.994468600712986
2574,0.9949732380548474
2575,0.9938867072630005
2576,0.9942875227841314
2577,0.9949515636544297
2578,0.9942765363639788
